Workbook

Sheet Tính toán chi tiết động cơ  (2)
J2: Quãng đường di chuyển xấp xỉ 9m
B3: Thiết kế truyền động cơ cấu xe con cầu trục với thông số như sau:
A4: STT | B4: Thông số | C4: Kí hiệu | D4: Công thức tính | E4: Giá trị | F4: Đơn vị | I4: STT | J4: Thông số | K4: Kí hiệu | L4: Công thức tính | M4: Giá trị | N4: Đơn vị
A5: 1 | B5: Hàng đơn vị của STT trong ds lớp | C5: x | E5: 1 | H5: Có tải | I5: 1 | J5: Thời gian tăng tốc | K5: t1 | M5: 2 | N5: s
A6: 2 | B6: Tải trọng định mức | C6: M | E6: 11111 | F6: kg | I6: 2 | J6: Tăng đến giá trị vận tốc | K6: v1 | M6: 0.11 | N6: m/s
A7: 3 | B7: Khối lượng cơ cấu nâng hạ | C7: m | E7: 211 | F7: kg | I7: 3 | J7: Gia tốc khi tăng tốc | K7: a1 | L7: a1=v1/t1 | M7: 0.055 | N7: m/s^2
A8: 4 | B8: Chiều cao nâng | C8: h | E8: 11 | F8: m | I8: 4 | J8: Lực khi tăng tốc | K8: Ft1 | L8: Ft1=(M+m)*(mu*g+a1) | M8: 22836.5 | N8: N
A9: 5 | B9: Tốc độ tối đa | C9: v | E9: 0.11 | F9: m/s | I9: 5 | J9: Tốc độ trung bình khi tăng tốc | K9: vtb1 | L9: vtb1=s1/t1=1/2*a1*t1 | M9: 0.055 | N9: m/s
A10: 6 | B10: Gia tốc cực đại | C10: a | E10: 0.5 | F10: m/s^2 | I10: 6 | J10: Công suất trung bình khi tăng tốc | K10: P1 | L10: P1=Ft1*vtb1 | M10: 1256 | N10: W
A11: 7 | B11: Độ giật cực đại | C11: rô | E11: 2 | F11: m/s^3 | I11: 7 | J11: Thời gian cđ thẳng đều | K11: t2 | M11: 80 | N11: s
A12: 8 | B12: Đường kính bánh xe | C12: d | E12: 0.25 | F12: m | I12: 8 | J12: Lực khi cđ đều | K12: F2 | L12: F2=(M+m)*mu*g | M12: 22213.76 | N12: N
A13: 9 | B13: Tỷ số truyền | C13: i | E13: 100 | I13: 9 | J13: Công suất trung bình khi cđ đều | K13: P2 | L13: P2=F2*v1 | M13: 2443.51 | N13: W
A14: 10 | B14: Hệ số ma sát trượt | C14: mu | E14: 0.2 | I14: 10 | J14: Thời gian giảm tốc | K14: t3 | M14: 10 | N14: s
A15: 11 | B15: Hiệu suất truyền động | C15: eta | E15: 0.96 | I15: 11 | J15: Gia tốc khi giảm tốc | K15: a2 | L15: a2=-v1/t3 | M15: -0.011 | N15: m/s^2
A16: 12 | B16: Hệ số dự trữ | C16: k | E16: 1.2 | I16: 12 | J16: Lực khi giảm tốc | K16: Fg2 | L16: Fg2=(M+m)*(mu*g+a2) | M16: 22089 | N16: N
A17: 13 | B17: Gia tốc trọng trường | C17: g | E17: 9.81 | F17: m/s^2 | I17: 13 | J17: Tốc độ trung bình khi giảm tốc | K17: vtb2 | L17: vtb2=-1/2*a2*t3 | M17: 0.055 | N17: m/s
A18: 14 | B18: Lực phát động của động cơ | C18: F | D18: F=(M+m)*(mu*g+a) | E18: 27874.764 | F18: N | I18: 14 | J18: Công suất trung bình khi giảm tốc | K18: P3 | L18: P3=Fg2*vtb2 | M18: 1214.9 | N18: W
A19: 15 | B19: Momen trên trục bánh xe | C19: T | D19: T=F*d/2 | E19: 3484.3455 | F19: Nm | I19: 15 | J19: Thời gian nghỉ | K19: denta t | M19: 30 | N19: s
A20: 16 | B20: Momen trên trục động cơ | C20: Tdc | D20: Tdc=k*T/(eta*i) | E20: 43.55 | F20: Nm | H20: Không tải | I20: 16 | J20: Thời gian tăng tốc | K20: t4 | M20: 2 | N20: s
A21: 17 | B21: Tốc độ góc bánh xe | C21: omega | D21: omega=2*v/d | E21: 0.88 | F21: rad/s | I21: 17 | J21: Tăng đến giá trị vận tốc | K21: v1 | M21: 0.11 | N21: m/s
A22: 18 | B22: Tốc độ quay bánh xe | C22: n | D22: n=(60*omega/2pi) | E22: 8.4 | F22: rpm | I22: 18 | J22: Gia tốc khi tăng tốc | K22: a3 | L22: a3=v1/t4 | M22: 0.055 | N22: m/s^2
A23: 19 | B23: Tốc độ quay động cơ | C23: ndc | D23: ndc=n*i | E23: 840 | F23: rpm | I23: 19 | J23: Lực khi tăng tốc | K23: Ft2 | L23: Ft2=m*(mu*g+a3) | M23: 425.6 | N23: N
A24: 20 | B24: Công suất động cơ cần thiết | C24: P | D24: P=(2pi/60)(Tdc*ndc/eta) | E24: 3990.48 | F24: W | I24: 20 | J24: Tốc độ trung bình khi tăng tốc | K24: vtb3 | L24: vtb3=1/2*a3*t4 | M24: 0.055 | N24: m/s
I25: 21 | J25: Công suất trung bình khi tăng tốc | K25: P4 | L25: P4=Ft2*vtb3 | M25: 23.41 | N25: W
B26: Cần lựa chọn động cơ thỏa mãn | C26: P> | D26: 3990.48 | E26: W | I26: 22 | J26: Thời gian cđ thẳng đều | K26: t5 | M26: 80 | N26: s
B27: Chọn động cơ M3AA 132ME 6 như hình dưới | C27: ndc> | D27: 840 | E27: rpm | I27: 23 | J27: Lực khi cđ đều | K27: F2 | L27: F2=m*mu*g | M27: 413.98 | N27: N
C28: Tdc> | D28: 43.55 | E28: Nm | I28: 24 | J28: Công suất trung bình khi cđ đều | K28: P5 | L28: P5=F2*v1 | M28: 45.54 | N28: W
I29: 25 | J29: Thời gian giảm tốc | K29: t6 | M29: 5 | N29: s
I30: 26 | J30: Gia tốc khi giảm tốc | K30: a4 | L30: a4=-v1/t6 | M30: -0.022 | N30: m/s^2
A31: Thông số động cơ | I31: 27 | J31: Lực khi giảm tốc | K31: Fg2 | L31: Fg2=m*(mu*g+a4) | M31: 409.34 | N31: N
A32: STT | B32: Thông số | C32: Giá trị | D32: Đơn vị | E32: Ký hiệu | I32: 28 | J32: Tốc độ trung bình khi giảm tốc | K32: vtb4 | L32: vtb4=-1/2*a4*t6 | M32: 0.055 | N32: m/s
I33: 29 | J33: Công suất trung bình khi giảm tốc | K33: P6 | L33: P6=Fg2*vtb4 | M33: 22.51 | N33: W
A34: 1 | B34: Công suất định mức | C34: 5.5 | D34: kW | E34: Pđm | I34: 30 | J34: Công suất hiệu dụng của động cơ | K34: Phd | L34: Phd=sqrt((P1^2*t1+P2^2*t2+P3^2*t3+P4^2*t5+P5^2*t6+P6^2*t7)/(t1+t2+t3+t4+t5+t6+T7)) | M34: 1540.12 | N34: W
A35: 2 | B35: Điện áp dây định mức | C35: 400 | D35: V | E35: U1đm | I35: 31 | J35: Tốc độ định mức của động cơ | K35: omega m | L35: omega m=v/r*i=2v*i/d | M35: =2*0.11*100/0.25 -> 88 | N35: rad/s
A36: 3 | B36: Tốc độ định mức | C36: 973 | D36: r/min | E36: nđm | I36: 31 | J36: Momen hiệu dụng ứng với công suất hiệu dụng (Momen định mức) | K36: Thd | L36: Thd=Phd/omega m | M36: =M34/M35 -> 17.501364 | N36: Nm
A37: 4 | B37: Hiệu suất 100% tải | C37: 89.5 | D37: % | E37: eta | I37: 32 | J37: Momen mở máy | K37: Tm | L37: Tm=Fmax*r/(i*eta) =(Fmax*d)/(2*i*eta) | M37: =(E18*E12)/(2*100*0.96) -> 36.295266 | N37: Nm
A38: 5 | B38: Hiệu suất 75% tải | C38: 90.2 | D38: % | I38: 33 | J38: Công suất lựa chọn | K38: Pchon | L38: Pchon=Pdm*kdutru/eta | M38: =M34*1.2/0.96 -> 1925.15 | N38: W
B39: Hiệu suất 50% tải | C39: 89.6 | D39: %
A40: 6 | B40: Hệ số công suất | C40: 0.74 | E40: cosphi
A41: 7 | B41: Dòng điện stator định mức | C41: 12 | D41: A | E41: I1đm
A42: 8 | B42: Dòng điện stator khởi động | C42: =12*5.8 -> 69.6 | D42: A | E42: Is
A43: 9 | B43: Momen định mức | C43: 53.9 | D43: Nm | E43: Tn
A44: 10 | B44: Momen khởi động | C44: =53.9*2 -> 107.8 | D44: Nm | E44: Ts
A45: 11 | B45: Momen tới hạn | C45: =53.9*2.9 -> 156.31 | D45: Nm | E45: Tmax
A46: 12 | B46: Tần số định mức | C46: 50 | D46: Hz
A47: 13 | B47: Số cặp cực | C47: 3 | D47: cặp
A48: 14 | B48: Momen quán tính | C48: 0.039 | D48: kgm^2 | E48: J
A49: 15 | B49: Khối lượng | C49: 63 | D49: kg
M54: 3,3 | N54: 114 | O54: 125 | P54: 59

Sheet Tinh_toan_x2
A1: TÍNH TOÁN XE CON CẦU TRỤC
J2: Chu kỳ cùng hành trình; số liệu cột M theo ramp tuyến tính để đối chiếu
A4: STT | B4: Thông số | C4: Kí hiệu | D4: Công thức tính | E4: Giá trị | F4: Đơn vị | I4: STT | J4: Thông số | K4: Kí hiệu | L4: Công thức tính | M4: Giá trị | N4: Đơn vị
A5: 1 | B5: Hàng đơn vị của STT trong ds lớp | C5: x | E5: 2 | H5: Có tải | I5: 1 | J5: Thời gian tăng tốc | K5: t1 | M5: 2 | N5: s
A6: 2 | B6: Tải trọng định mức | C6: M | E6: =10000+1111*E5 -> 12222 | F6: kg | I6: 2 | J6: Tăng đến giá trị vận tốc | K6: v1 | M6: =E9 -> 0.12 | N6: m/s
A7: 3 | B7: Khối lượng cơ cấu nâng hạ | C7: m | E7: =200+11*E5 -> 222 | F7: kg | I7: 3 | J7: Gia tốc khi tăng tốc | K7: a1 | L7: a1=v1/t1 | M7: =M6/M5 -> 0.06 | N7: m/s^2
A8: 4 | B8: Chiều cao nâng | C8: h | E8: =10+E5 -> 12 | F8: m | I8: 4 | J8: Lực khi tăng tốc | K8: Ft1 | L8: Ft1=(M+m)*(mu*g+a1) | M8: =(E6+E7+E51)*(E14*E17+M7) -> 25161.768 | N8: N
A9: 5 | B9: Tốc độ tối đa | C9: v | E9: =0.1+E5/100 -> 0.12 | F9: m/s | I9: 5 | J9: Tốc độ trung bình khi tăng tốc | K9: vtb1 | L9: vtb1=s1/t1=1/2*a1*t1 | M9: =M6/2 -> 0.06 | N9: m/s
A10: 6 | B10: Gia tốc cực đại | C10: a | E10: 0.5 | F10: m/s^2 | I10: 6 | J10: Công suất trung bình khi tăng tốc | K10: P1 | L10: P1=Ft1*vtb1 | M10: =M8*M9 -> 1509.7061 | N10: W
A11: 7 | B11: Độ giật cực đại | C11: rô | E11: 2 | F11: m/s^3 | I11: 7 | J11: Thời gian cđ thẳng đều | K11: t2 | M11: 80 | N11: s
A12: 8 | B12: Đường kính bánh xe | C12: d | E12: 0.25 | F12: m | I12: 8 | J12: Lực khi cđ đều | K12: F2 | L12: F2=(M+m)*mu*g | M12: =(E6+E7+E51)*E14*E17 -> 24415.128 | N12: N
A13: 9 | B13: Tỷ số truyền | C13: i | E13: 100 | I13: 9 | J13: Công suất trung bình khi cđ đều | K13: P2 | L13: P2=F2*v1 | M13: =M12*M6 -> 2929.8154 | N13: W
A14: 10 | B14: Hệ số ma sát trượt | C14: mu | E14: 0.2 | I14: 10 | J14: Thời gian giảm tốc | K14: t3 | M14: 10 | N14: s
A15: 11 | B15: Hiệu suất truyền động | C15: eta | E15: 0.96 | I15: 11 | J15: Gia tốc khi giảm tốc | K15: a2 | L15: a2=-v1/t3 | M15: =-M6/M14 -> -0.012 | N15: m/s^2
A16: 12 | B16: Hệ số dự trữ | C16: k | E16: 1.2 | I16: 12 | J16: Lực khi giảm tốc | K16: Fg2 | L16: Fg2=(M+m)*(mu*g+a2) | M16: =(E6+E7+E51)*(E14*E17+M15) -> 24265.8 | N16: N
A17: 13 | B17: Gia tốc trọng trường | C17: g | E17: 9.81 | F17: m/s^2 | I17: 13 | J17: Tốc độ trung bình khi giảm tốc | K17: vtb2 | L17: vtb2=-1/2*a2*t3 | M17: =M6/2 -> 0.06 | N17: m/s
A18: 14 | B18: Lực phát động của động cơ | C18: F | D18: F = (M+m)*(mu*g+a) | E18: =(E6+E7+E51)*(E14*E17+E10) -> 30637.128 | F18: N | I18: 14 | J18: Công suất trung bình khi giảm tốc | K18: P3 | L18: P3=Fg2*vtb2 | M18: =M16*M17 -> 1455.948 | N18: W
A19: 15 | B19: Momen trên trục bánh xe | C19: T | D19: T = F*d/2 | E19: =E18*E12/2 -> 3829.641 | F19: Nm | I19: 15 | J19: Thời gian nghỉ | K19: delta t | M19: 30 | N19: s
A20: 16 | B20: Momen trên trục động cơ | C20: Tdc | D20: Tdc = k*T/(eta*i) | E20: =E16*E19/(E15*E13) -> 47.870512 | F20: Nm | H20: Không tải | I20: 16 | J20: Thời gian tăng tốc | K20: t4 | M20: 2 | N20: s
A21: 17 | B21: Tốc độ góc bánh xe | C21: omega | D21: omega = 2*v/d | E21: =2*E9/E12 -> 0.96 | F21: rad/s | I21: 17 | J21: Tăng đến giá trị vận tốc | K21: v1 | M21: =E9 -> 0.12 | N21: m/s
A22: 18 | B22: Tốc độ quay bánh xe | C22: n | D22: n = (60*omega/2pi) | E22: =60*E21/(2*PI()) -> 9.1673247 | F22: rpm | I22: 18 | J22: Gia tốc khi tăng tốc | K22: a3 | L22: a3=v1/t4 | M22: =M21/M20 -> 0.06 | N22: m/s^2
A23: 19 | B23: Tốc độ quay động cơ | C23: ndc | D23: ndc = n*i | E23: =E22*E13 -> 916.73247 | F23: rpm | I23: 19 | J23: Lực khi tăng tốc | K23: Ft2 | L23: Ft2=m*(mu*g+a3) | M23: =(E7+E51)*(E14*E17+M22) -> 448.884 | N23: N
A24: 20 | B24: Công suất động cơ cần thiết | C24: P | D24: P=(2pi/60)(Tdc*ndc/eta) | E24: =E20*2*PI()*E23/60 -> 4595.5692 | F24: W | I24: 20 | J24: Tốc độ trung bình khi tăng tốc | K24: vtb3 | L24: vtb3=1/2*a3*t4 | M24: =M21/2 -> 0.06 | N24: m/s
I25: 21 | J25: Công suất trung bình khi tăng tốc | K25: P4 | L25: P4=Ft2*vtb3 | M25: =M23*M24 -> 26.93304 | N25: W
D26: Yêu cầu chọn động cơ | I26: 22 | J26: Thời gian cđ thẳng đều | K26: t5 | M26: =M11+(M5+M14-M20-M29)/2 -> 82.5 | N26: s
D27: P > | E27: =MAX(E24,M38) -> 4595.5692 | F27: W | I27: 23 | J27: Lực khi cđ đều | K27: F2 | L27: F2=m*mu*g | M27: =(E7+E51)*E14*E17 -> 435.564 | N27: N
D28: ndc > | E28: =E23 -> 916.73247 | F28: rpm | I28: 24 | J28: Công suất trung bình khi cđ đều | K28: P5 | L28: P5=F2*v1 | M28: =M27*M21 -> 52.26768 | N28: W
D29: Tdc> | E29: =E20 -> 47.870512 | F29: Nm | I29: 25 | J29: Thời gian giảm tốc | K29: t6 | M29: 5 | N29: s
I30: 26 | J30: Gia tốc khi giảm tốc | K30: a4 | L30: a4=-v1/t6 | M30: =-M21/M29 -> -0.024 | N30: m/s^2
A31: THÔNG SỐ ĐỘNG CƠ | I31: 27 | J31: Lực khi giảm tốc | K31: Fg2 | L31: Fg2=m*(mu*g+a4) | M31: =(E7+E51)*(E14*E17+M30) -> 430.236 | N31: N
A32: STT | B32: Thông số | C32: Giá trị | D32: Đơn vị | E32: Ký hiệu | I32: 28 | J32: Tốc độ trung bình khi giảm tốc | K32: vtb4 | L32: vtb4=-1/2*a4*t6 | M32: =M21/2 -> 0.06 | N32: m/s
A33: 1 | B33: Công suất định mức | C33: 5.5 | D33: kW | E33: Pđm | I33: 29 | J33: Công suất trung bình khi giảm tốc | K33: P6 | L33: P6=Fg2*vtb4 | M33: =M31*M32 -> 25.81416 | N33: W
A34: 2 | B34: Điện áp dây định mức | C34: 400 | D34: V | E34: U1đm | I34: 30 | J34: Công suất hiệu dụng trục motor S-curve | K34: Phd | L34: sqrt(∫ P_motor² dt / Tck) | M34: =Chu_ky!B25 -> 1924.6695 | N34: W
A35: 3 | B35: Tốc độ định mức | C35: 973 | D35: r/min | E35: nđm | I35: 31 | J35: Tốc độ góc motor làm việc | K35: omega m | L35: omega m=v/r*i=2v*i/d | M35: =2*E9*E13/E12 -> 96 | N35: rad/s
A36: 4 | B36: Hiệu suất 100% tải | C36: 89.5 | D36: % | E36: eta | I36: 31 | J36: Mô-men RMS motor S-curve | K36: Thd | L36: sqrt(∫ M_motor² dt / Tck) | M36: =Chu_ky!B26 -> 20.973821 | N36: Nm
A37: 5 | B37: Hiệu suất 75% tải | C37: 90.2 | D37: % | I37: 32 | J37: Mô-men yêu cầu đỉnh theo quỹ đạo | K37: Tm | L37: Gồm quán tính rotor; xem Chu_ky | M37: =Chu_ky!B27 -> 35.041031 | N37: Nm
B38: Hiệu suất 50% tải | C38: 89.6 | D38: % | I38: 33 | J38: Công suất hiệu dụng có dự trữ | K38: Pchon | L38: k × P_hd,motor; không chia η thêm | M38: =E16*M34 -> 2309.6034 | N38: W
A39: 6 | B39: Hệ số công suất | C39: 0.74 | E39: cosphi
A40: 7 | B40: Dòng điện stator định mức | C40: 12 | D40: A | E40: I1đm | J40: Công suất RMS theo P trung bình kiểu mẫu | M40: =SQRT((M10^2*M5+M13^2*M11+M18^2*M14+M25^2*M20+M28^2*M26+M33^2*M29)/(M5+M11+M14+M19+M20+M26+M29))/E15 -> 1912.1611 | N40: W
A41: 8 | B41: Dòng điện stator khởi động | C41: =C40*5.8 -> 69.6 | D41: A | E41: Is | J41: Hành trình có tải | M41: =E9*(M11+(M5+M14)/2) -> 10.32 | N41: m
A42: 9 | B42: Momen định mức | C42: 53.9 | D42: Nm | E42: Tn | J42: Hành trình không tải | M42: =E9*(M26+(M20+M29)/2) -> 10.32 | N42: m
A43: 10 | B43: Momen khởi động | C43: =C42*2 -> 107.8 | D43: Nm | E43: Ts | J43: Công suất nếu lặp lỗi chia η hai lần | M43: =E24/E15 -> 4787.0513 | N43: W
A44: 11 | B44: Momen tới hạn | C44: =C42*2.9 -> 156.31 | D44: Nm | E44: Tmax
A45: 12 | B45: Tần số định mức | C45: 50 | D45: Hz
A46: 13 | B46: Số cặp cực | C46: 3 | D46: cặp
A47: 14 | B47: Momen quán tính | C47: 0.039 | D47: kgm^2 | E47: J
A48: 15 | B48: Khối lượng | C48: 63 | D48: kg
B51: Khối lượng bổ sung chưa có dữ liệu | E51: 0 | F51: kg
B52: Quán tính phanh quy về motor chưa có số liệu | E52: 0 | F52: kg·m²
B53: Quán tính bánh tại trục bánh chưa có số liệu | E53: 0 | F53: kg·m²
B54: Quán tính tải quy đổi động học | E54: =(E6+E7+E51)*(E12/(2*E13))^2 -> 0.01944375 | F54: kg·m²
B55: Hệ số quán tính động lực gồm tổn hao | E55: =C47+E52+E53/E13^2+E54/E15 -> 0.059253906 | F55: kg·m²
B56: Mô-men đỉnh S-curve có dự trữ | E56: =E16*Chu_ky!B27 -> 42.049238 | F56: N·m
B57: Bao mô-men ở a_lim, gồm quán tính quay | E57: =E16*(E18*E12/(2*E15*E13)+(C47+E52+E53/E13^2)*2*E13/E12*E10) -> 66.590513 | F57: N·m
B58: Thời gian jerk mỗi đầu ramp | E58: 0.25 | F58: s
B59: Tỷ số quá tải yêu cầu ở a_lim | E59: =E57/C42 -> 1.2354455
B60: Chu kỳ tính toán | E60: =Chu_ky!B22 -> 211.5 | F60: s
B63: Nguồn: Tính toán thông số động cơ.xlsx, sheet Tính toán chi tiết động cơ a=1. Dữ liệu x=3 nằm trong Copy of Tính toán chi tiết động; x=6 có E5 ghi nhầm 1.
B64: x là chữ số của đề: Q=10000+1111x; m=200+11x; h=10+x; v=0,1+0,01x. Các thiết kế i và η không nội suy theo x.
B65: Giữ μ=0,2 theo mô hình bài tập. Không đồng nhất μ cản với hệ số bám ray. Kết quả này chưa chứng minh cơ cấu bánh–ray đủ bám khi chế tạo.
B66: Mẫu chia η lần nữa ở E24; bản sửa dùng P=Mω. Mẫu lấy P trung bình để RMS; bản sửa tích phân P(t)² ở trục motor.
B67: Giữ T_tăng=2 s, T_đều có tải=80 s, T_giảm có tải=10 s, nghỉ=30 s, T_giảm không tải=5 s; sửa chạy đều không tải thành 82,5 s để hai lượt cùng 10,32 m.
B68: Các số 0 tại E51:E53 là dữ liệu chưa có, không khẳng định khối lượng khung và quán tính phanh/bánh bằng 0. Nhập số thực trước khi chốt.
B69: Giới hạn jerk được kiểm tra bằng S-curve tj=0,25 s. Các lực/công suất đoạn ở cột M phần trên là giá trị ramp tuyến tính để đối chiếu mẫu.

Sheet Chu_ky
A1: CHU KỲ x = 2 — S-CURVE VÀ TÍCH PHÂN CÔNG SUẤT
A2: Có tải đi → nghỉ 30 s → không tải về. Khoảng đi và về bằng nhau. P và M tính tại trục motor.
A4: Pha | B4: Δt (s) | C4: Khối lượng (kg) | D4: Chiều | E4: j (m/s³) | F4: a đầu | G4: v đầu | H4: t đầu | I4: a cuối | J4: v cuối | K4: S (m) | L4: ∫P²dt | M4: ∫M²dt | N4: |M| đỉnh
A5: Có tải tăng j+ | B5: =Tinh_toan_x2!E58 -> 0.25 | C5: =Tinh_toan_x2!E7+Tinh_toan_x2!E51+Tinh_toan_x2!E6 -> 12444 | D5: 1 | E5: =Tinh_toan_x2!E9/(Tinh_toan_x2!M5-Tinh_toan_x2!E58)/Tinh_toan_x2!E58 -> 0.27428571 | F5: 0 | G5: 0 | H5: 0 | I5: =F5+E5*B5 -> 0.068571429 | J5: =G5+F5*B5+0.5*E5*B5^2 -> 0.0085714286 | K5: =G5*B5+0.5*F5*B5^2+E5*B5^3/6 -> 0.00071428571 | L5: =SUM(J36:J39) -> 2798.6783 | M5: =SUM(K36:K39) -> 279.37373 | N5: =MAX(ABS(D5*(C5*(Tinh_toan_x2!E14*Tinh_toan_x2!E17+F5)*Tinh_toan_x2!E12/(2*Tinh_toan_x2!E15*Tinh_toan_x2!E13)+(Tinh_toan_x2!C47+Tinh_toan_x2!E52+Tinh_toan_x2!E53/Tinh_toan_x2!E13^2)*2*Tinh_toan_x2!E13/Tinh_toan_x2!E12*F5)),ABS(D5*(C5*(Tinh_toan_x2!E14*Tinh_toan_x2!E17+I5)*Tinh_toan_x2!E12/(2*Tinh_toan_x2!E15*Tinh_toan_x2!E13)+(Tinh_toan_x2!C47+Tinh_toan_x2!E52+Tinh_toan_x2!E53/Tinh_toan_x2!E13^2)*2*Tinh_toan_x2!E13/Tinh_toan_x2!E12*I5))) -> 35.041031
A6: Có tải tăng a | B6: =Tinh_toan_x2!M5-2*Tinh_toan_x2!E58 -> 1.5 | C6: =Tinh_toan_x2!E7+Tinh_toan_x2!E51+Tinh_toan_x2!E6 -> 12444 | D6: 1 | E6: =0 -> 0 | F6: =I5 -> 0.068571429 | G6: =J5 -> 0.0085714286 | H6: =H5+B5 -> 0.25 | I6: =F6+E6*B6 -> 0.068571429 | J6: =G6+F6*B6+0.5*E6*B6^2 -> 0.11142857 | K6: =G6*B6+0.5*F6*B6^2+E6*B6^3/6 -> 0.09 | L6: =SUM(J40:J43) -> 5282764.4 | M6: =SUM(K40:K43) -> 1841.8108 | N6: =MAX(ABS(D6*(C6*(Tinh_toan_x2!E14*Tinh_toan_x2!E17+F6)*Tinh_toan_x2!E12/(2*Tinh_toan_x2!E15*Tinh_toan_x2!E13)+(Tinh_toan_x2!C47+Tinh_toan_x2!E52+Tinh_toan_x2!E53/Tinh_toan_x2!E13^2)*2*Tinh_toan_x2!E13/Tinh_toan_x2!E12*F6)),ABS(D6*(C6*(Tinh_toan_x2!E14*Tinh_toan_x2!E17+I6)*Tinh_toan_x2!E12/(2*Tinh_toan_x2!E15*Tinh_toan_x2!E13)+(Tinh_toan_x2!C47+Tinh_toan_x2!E52+Tinh_toan_x2!E53/Tinh_toan_x2!E13^2)*2*Tinh_toan_x2!E13/Tinh_toan_x2!E12*I6))) -> 35.041031
A7: Có tải tăng j- | B7: =Tinh_toan_x2!E58 -> 0.25 | C7: =Tinh_toan_x2!E7+Tinh_toan_x2!E51+Tinh_toan_x2!E6 -> 12444 | D7: 1 | E7: =-Tinh_toan_x2!E9/(Tinh_toan_x2!M5-Tinh_toan_x2!E58)/Tinh_toan_x2!E58 -> -0.27428571 | F7: =I6 -> 0.068571429 | G7: =J6 -> 0.11142857 | H7: =H6+B6 -> 1.75 | I7: =F7+E7*B7 -> 0 | J7: =G7+F7*B7+0.5*E7*B7^2 -> 0.12 | K7: =G7*B7+0.5*F7*B7^2+E7*B7^3/6 -> 0.029285714 | L7: =SUM(J44:J47) -> 2448924 | M7: =SUM(K44:K47) -> 279.37373 | N7: =MAX(ABS(D7*(C7*(Tinh_toan_x2!E14*Tinh_toan_x2!E17+F7)*Tinh_toan_x2!E12/(2*Tinh_toan_x2!E15*Tinh_toan_x2!E13)+(Tinh_toan_x2!C47+Tinh_toan_x2!E52+Tinh_toan_x2!E53/Tinh_toan_x2!E13^2)*2*Tinh_toan_x2!E13/Tinh_toan_x2!E12*F7)),ABS(D7*(C7*(Tinh_toan_x2!E14*Tinh_toan_x2!E17+I7)*Tinh_toan_x2!E12/(2*Tinh_toan_x2!E15*Tinh_toan_x2!E13)+(Tinh_toan_x2!C47+Tinh_toan_x2!E52+Tinh_toan_x2!E53/Tinh_toan_x2!E13^2)*2*Tinh_toan_x2!E13/Tinh_toan_x2!E12*I7))) -> 35.041031
A8: Có tải đều | B8: =Tinh_toan_x2!M11 -> 80 | C8: =Tinh_toan_x2!E7+Tinh_toan_x2!E51+Tinh_toan_x2!E6 -> 12444 | D8: 1 | E8: =0 -> 0 | F8: =I7 -> 0 | G8: =J7 -> 0.12 | H8: =H7+B7 -> 2 | I8: =F8+E8*B8 -> 0 | J8: =G8+F8*B8+0.5*E8*B8^2 -> 0.12 | K8: =G8*B8+0.5*F8*B8^2+E8*B8^3/6 -> 9.6 | L8: =SUM(J48:J51) -> 7.4512309e+08 | M8: =SUM(K48:K51) -> 80851.03 | N8: =MAX(ABS(D8*(C8*(Tinh_toan_x2!E14*Tinh_toan_x2!E17+F8)*Tinh_toan_x2!E12/(2*Tinh_toan_x2!E15*Tinh_toan_x2!E13)+(Tinh_toan_x2!C47+Tinh_toan_x2!E52+Tinh_toan_x2!E53/Tinh_toan_x2!E13^2)*2*Tinh_toan_x2!E13/Tinh_toan_x2!E12*F8)),ABS(D8*(C8*(Tinh_toan_x2!E14*Tinh_toan_x2!E17+I8)*Tinh_toan_x2!E12/(2*Tinh_toan_x2!E15*Tinh_toan_x2!E13)+(Tinh_toan_x2!C47+Tinh_toan_x2!E52+Tinh_toan_x2!E53/Tinh_toan_x2!E13^2)*2*Tinh_toan_x2!E13/Tinh_toan_x2!E12*I8))) -> 31.790531
A9: Có tải giảm j- | B9: =Tinh_toan_x2!E58 -> 0.25 | C9: =Tinh_toan_x2!E7+Tinh_toan_x2!E51+Tinh_toan_x2!E6 -> 12444 | D9: 1 | E9: =-Tinh_toan_x2!E9/(Tinh_toan_x2!M14-Tinh_toan_x2!E58)/Tinh_toan_x2!E58 -> -0.049230769 | F9: =I8 -> 0 | G9: =J8 -> 0.12 | H9: =H8+B8 -> 82 | I9: =F9+E9*B9 -> -0.012307692 | J9: =G9+F9*B9+0.5*E9*B9^2 -> 0.11846154 | K9: =G9*B9+0.5*F9*B9^2+E9*B9^3/6 -> 0.029871795 | L9: =SUM(J52:J55) -> 2266754.3 | M9: =SUM(K52:K55) -> 248.051 | N9: =MAX(ABS(D9*(C9*(Tinh_toan_x2!E14*Tinh_toan_x2!E17+F9)*Tinh_toan_x2!E12/(2*Tinh_toan_x2!E15*Tinh_toan_x2!E13)+(Tinh_toan_x2!C47+Tinh_toan_x2!E52+Tinh_toan_x2!E53/Tinh_toan_x2!E13^2)*2*Tinh_toan_x2!E13/Tinh_toan_x2!E12*F9)),ABS(D9*(C9*(Tinh_toan_x2!E14*Tinh_toan_x2!E17+I9)*Tinh_toan_x2!E12/(2*Tinh_toan_x2!E15*Tinh_toan_x2!E13)+(Tinh_toan_x2!C47+Tinh_toan_x2!E52+Tinh_toan_x2!E53/Tinh_toan_x2!E13^2)*2*Tinh_toan_x2!E13/Tinh_toan_x2!E12*I9))) -> 31.790531
A10: Có tải giảm a | B10: =Tinh_toan_x2!M14-2*Tinh_toan_x2!E58 -> 9.5 | C10: =Tinh_toan_x2!E7+Tinh_toan_x2!E51+Tinh_toan_x2!E6 -> 12444 | D10: 1 | E10: =0 -> 0 | F10: =I9 -> -0.012307692 | G10: =J9 -> 0.11846154 | H10: =H9+B9 -> 82.25 | I10: =F10+E10*B10 -> -0.012307692 | J10: =G10+F10*B10+0.5*E10*B10^2 -> 0.0015384615 | K10: =G10*B10+0.5*F10*B10^2+E10*B10^3/6 -> 0.57 | L10: =SUM(J56:J59) -> 28062108 | M10: =SUM(K56:K59) -> 9251.8942 | N10: =MAX(ABS(D10*(C10*(Tinh_toan_x2!E14*Tinh_toan_x2!E17+F10)*Tinh_toan_x2!E12/(2*Tinh_toan_x2!E15*Tinh_toan_x2!E13)+(Tinh_toan_x2!C47+Tinh_toan_x2!E52+Tinh_toan_x2!E53/Tinh_toan_x2!E13^2)*2*Tinh_toan_x2!E13/Tinh_toan_x2!E12*F10)),ABS(D10*(C10*(Tinh_toan_x2!E14*Tinh_toan_x2!E17+I10)*Tinh_toan_x2!E12/(2*Tinh_toan_x2!E15*Tinh_toan_x2!E13)+(Tinh_toan_x2!C47+Tinh_toan_x2!E52+Tinh_toan_x2!E53/Tinh_toan_x2!E13^2)*2*Tinh_toan_x2!E13/Tinh_toan_x2!E12*I10))) -> 31.207108
A11: Có tải giảm j+ | B11: =Tinh_toan_x2!E58 -> 0.25 | C11: =Tinh_toan_x2!E7+Tinh_toan_x2!E51+Tinh_toan_x2!E6 -> 12444 | D11: 1 | E11: =Tinh_toan_x2!E9/(Tinh_toan_x2!M14-Tinh_toan_x2!E58)/Tinh_toan_x2!E58 -> 0.049230769 | F11: =I10 -> -0.012307692 | G11: =J10 -> 0.0015384615 | H11: =H10+B10 -> 91.75 | I11: =F11+E11*B11 -> 0 | J11: =G11+F11*B11+0.5*E11*B11^2 -> -8.4567769e-18 | K11: =G11*B11+0.5*F11*B11^2+E11*B11^3/6 -> 0.00012820513 | L11: =SUM(J60:J63) -> 74.222488 | M11: =SUM(K60:K63) -> 248.051 | N11: =MAX(ABS(D11*(C11*(Tinh_toan_x2!E14*Tinh_toan_x2!E17+F11)*Tinh_toan_x2!E12/(2*Tinh_toan_x2!E15*Tinh_toan_x2!E13)+(Tinh_toan_x2!C47+Tinh_toan_x2!E52+Tinh_toan_x2!E53/Tinh_toan_x2!E13^2)*2*Tinh_toan_x2!E13/Tinh_toan_x2!E12*F11)),ABS(D11*(C11*(Tinh_toan_x2!E14*Tinh_toan_x2!E17+I11)*Tinh_toan_x2!E12/(2*Tinh_toan_x2!E15*Tinh_toan_x2!E13)+(Tinh_toan_x2!C47+Tinh_toan_x2!E52+Tinh_toan_x2!E53/Tinh_toan_x2!E13^2)*2*Tinh_toan_x2!E13/Tinh_toan_x2!E12*I11))) -> 31.790531
A12: Nghỉ | B12: =Tinh_toan_x2!M19 -> 30 | C12: =Tinh_toan_x2!E7+Tinh_toan_x2!E51 -> 222 | D12: 0 | E12: =0 -> 0 | F12: 0 | G12: 0 | H12: =H11+B11 -> 92 | I12: =F12+E12*B12 -> 0 | J12: =G12+F12*B12+0.5*E12*B12^2 -> 0 | K12: =G12*B12+0.5*F12*B12^2+E12*B12^3/6 -> 0 | L12: =SUM(J64:J67) -> 0 | M12: =SUM(K64:K67) -> 0 | N12: =MAX(ABS(D12*(C12*(Tinh_toan_x2!E14*Tinh_toan_x2!E17+F12)*Tinh_toan_x2!E12/(2*Tinh_toan_x2!E15*Tinh_toan_x2!E13)+(Tinh_toan_x2!C47+Tinh_toan_x2!E52+Tinh_toan_x2!E53/Tinh_toan_x2!E13^2)*2*Tinh_toan_x2!E13/Tinh_toan_x2!E12*F12)),ABS(D12*(C12*(Tinh_toan_x2!E14*Tinh_toan_x2!E17+I12)*Tinh_toan_x2!E12/(2*Tinh_toan_x2!E15*Tinh_toan_x2!E13)+(Tinh_toan_x2!C47+Tinh_toan_x2!E52+Tinh_toan_x2!E53/Tinh_toan_x2!E13^2)*2*Tinh_toan_x2!E13/Tinh_toan_x2!E12*I12))) -> 0
A13: Không tải tăng j+ | B13: =Tinh_toan_x2!E58 -> 0.25 | C13: =Tinh_toan_x2!E7+Tinh_toan_x2!E51 -> 222 | D13: -1 | E13: =Tinh_toan_x2!E9/(Tinh_toan_x2!M20-Tinh_toan_x2!E58)/Tinh_toan_x2!E58 -> 0.27428571 | F13: 0 | G13: 0 | H13: =H12+B12 -> 122 | I13: =F13+E13*B13 -> 0.068571429 | J13: =G13+F13*B13+0.5*E13*B13^2 -> 0.0085714286 | K13: =G13*B13+0.5*F13*B13^2+E13*B13^3/6 -> 0.00071428571 | L13: =SUM(J68:J71) -> 13.384132 | M13: =SUM(K68:K71) -> 0.77509177 | N13: =MAX(ABS(D13*(C13*(Tinh_toan_x2!E14*Tinh_toan_x2!E17+F13)*Tinh_toan_x2!E12/(2*Tinh_toan_x2!E15*Tinh_toan_x2!E13)+(Tinh_toan_x2!C47+Tinh_toan_x2!E52+Tinh_toan_x2!E53/Tinh_toan_x2!E13^2)*2*Tinh_toan_x2!E13/Tinh_toan_x2!E12*F13)),ABS(D13*(C13*(Tinh_toan_x2!E14*Tinh_toan_x2!E17+I13)*Tinh_toan_x2!E12/(2*Tinh_toan_x2!E15*Tinh_toan_x2!E13)+(Tinh_toan_x2!C47+Tinh_toan_x2!E52+Tinh_toan_x2!E53/Tinh_toan_x2!E13^2)*2*Tinh_toan_x2!E13/Tinh_toan_x2!E12*I13))) -> 2.7263906
A14: Không tải tăng a | B14: =Tinh_toan_x2!M20-2*Tinh_toan_x2!E58 -> 1.5 | C14: =Tinh_toan_x2!E7+Tinh_toan_x2!E51 -> 222 | D14: -1 | E14: =0 -> 0 | F14: =I13 -> 0.068571429 | G14: =J13 -> 0.0085714286 | H14: =H13+B13 -> 122.25 | I14: =F14+E14*B14 -> 0.068571429 | J14: =G14+F14*B14+0.5*E14*B14^2 -> 0.11142857 | K14: =G14*B14+0.5*F14*B14^2+E14*B14^3/6 -> 0.09 | L14: =SUM(J72:J75) -> 31980.382 | M14: =SUM(K72:K75) -> 11.149809 | N14: =MAX(ABS(D14*(C14*(Tinh_toan_x2!E14*Tinh_toan_x2!E17+F14)*Tinh_toan_x2!E12/(2*Tinh_toan_x2!E15*Tinh_toan_x2!E13)+(Tinh_toan_x2!C47+Tinh_toan_x2!E52+Tinh_toan_x2!E53/Tinh_toan_x2!E13^2)*2*Tinh_toan_x2!E13/Tinh_toan_x2!E12*F14)),ABS(D14*(C14*(Tinh_toan_x2!E14*Tinh_toan_x2!E17+I14)*Tinh_toan_x2!E12/(2*Tinh_toan_x2!E15*Tinh_toan_x2!E13)+(Tinh_toan_x2!C47+Tinh_toan_x2!E52+Tinh_toan_x2!E53/Tinh_toan_x2!E13^2)*2*Tinh_toan_x2!E13/Tinh_toan_x2!E12*I14))) -> 2.7263906
A15: Không tải tăng j- | B15: =Tinh_toan_x2!E58 -> 0.25 | C15: =Tinh_toan_x2!E7+Tinh_toan_x2!E51 -> 222 | D15: -1 | E15: =-Tinh_toan_x2!E9/(Tinh_toan_x2!M20-Tinh_toan_x2!E58)/Tinh_toan_x2!E58 -> -0.27428571 | F15: =I14 -> 0.068571429 | G15: =J14 -> 0.11142857 | H15: =H14+B14 -> 123.75 | I15: =F15+E15*B15 -> 0 | J15: =G15+F15*B15+0.5*E15*B15^2 -> 0.12 | K15: =G15*B15+0.5*F15*B15^2+E15*B15^3/6 -> 0.029285714 | L15: =SUM(J76:J79) -> 6612.89 | M15: =SUM(K76:K79) -> 0.77509177 | N15: =MAX(ABS(D15*(C15*(Tinh_toan_x2!E14*Tinh_toan_x2!E17+F15)*Tinh_toan_x2!E12/(2*Tinh_toan_x2!E15*Tinh_toan_x2!E13)+(Tinh_toan_x2!C47+Tinh_toan_x2!E52+Tinh_toan_x2!E53/Tinh_toan_x2!E13^2)*2*Tinh_toan_x2!E13/Tinh_toan_x2!E12*F15)),ABS(D15*(C15*(Tinh_toan_x2!E14*Tinh_toan_x2!E17+I15)*Tinh_toan_x2!E12/(2*Tinh_toan_x2!E15*Tinh_toan_x2!E13)+(Tinh_toan_x2!C47+Tinh_toan_x2!E52+Tinh_toan_x2!E53/Tinh_toan_x2!E13^2)*2*Tinh_toan_x2!E13/Tinh_toan_x2!E12*I15))) -> 2.7263906
A16: Không tải đều | B16: =Tinh_toan_x2!M26 -> 82.5 | C16: =Tinh_toan_x2!E7+Tinh_toan_x2!E51 -> 222 | D16: -1 | E16: =0 -> 0 | F16: =I15 -> 0 | G16: =J15 -> 0.12 | H16: =H15+B15 -> 124 | I16: =F16+E16*B16 -> 0 | J16: =G16+F16*B16+0.5*E16*B16^2 -> 0.12 | K16: =G16*B16+0.5*F16*B16^2+E16*B16^3/6 -> 9.9 | L16: =SUM(J80:J83) -> 244555.78 | M16: =SUM(K80:K83) -> 26.536 | N16: =MAX(ABS(D16*(C16*(Tinh_toan_x2!E14*Tinh_toan_x2!E17+F16)*Tinh_toan_x2!E12/(2*Tinh_toan_x2!E15*Tinh_toan_x2!E13)+(Tinh_toan_x2!C47+Tinh_toan_x2!E52+Tinh_toan_x2!E53/Tinh_toan_x2!E13^2)*2*Tinh_toan_x2!E13/Tinh_toan_x2!E12*F16)),ABS(D16*(C16*(Tinh_toan_x2!E14*Tinh_toan_x2!E17+I16)*Tinh_toan_x2!E12/(2*Tinh_toan_x2!E15*Tinh_toan_x2!E13)+(Tinh_toan_x2!C47+Tinh_toan_x2!E52+Tinh_toan_x2!E53/Tinh_toan_x2!E13^2)*2*Tinh_toan_x2!E13/Tinh_toan_x2!E12*I16))) -> 0.56714063
A17: Không tải giảm j- | B17: =Tinh_toan_x2!E58 -> 0.25 | C17: =Tinh_toan_x2!E7+Tinh_toan_x2!E51 -> 222 | D17: -1 | E17: =-Tinh_toan_x2!E9/(Tinh_toan_x2!M29-Tinh_toan_x2!E58)/Tinh_toan_x2!E58 -> -0.10105263 | F17: =I16 -> 0 | G17: =J16 -> 0.12 | H17: =H16+B16 -> 206.5 | I17: =F17+E17*B17 -> -0.025263158 | J17: =G17+F17*B17+0.5*E17*B17^2 -> 0.11684211 | K17: =G17*B17+0.5*F17*B17^2+E17*B17^3/6 -> 0.029736842 | L17: =SUM(J84:J87) -> 186.62199 | M17: =SUM(K84:K87) -> 0.02035693 | N17: =MAX(ABS(D17*(C17*(Tinh_toan_x2!E14*Tinh_toan_x2!E17+F17)*Tinh_toan_x2!E12/(2*Tinh_toan_x2!E15*Tinh_toan_x2!E13)+(Tinh_toan_x2!C47+Tinh_toan_x2!E52+Tinh_toan_x2!E53/Tinh_toan_x2!E13^2)*2*Tinh_toan_x2!E13/Tinh_toan_x2!E12*F17)),ABS(D17*(C17*(Tinh_toan_x2!E14*Tinh_toan_x2!E17+I17)*Tinh_toan_x2!E12/(2*Tinh_toan_x2!E15*Tinh_toan_x2!E13)+(Tinh_toan_x2!C47+Tinh_toan_x2!E52+Tinh_toan_x2!E53/Tinh_toan_x2!E13^2)*2*Tinh_toan_x2!E13/Tinh_toan_x2!E12*I17))) -> 0.56714063
A18: Không tải giảm a | B18: =Tinh_toan_x2!M29-2*Tinh_toan_x2!E58 -> 4.5 | C18: =Tinh_toan_x2!E7+Tinh_toan_x2!E51 -> 222 | D18: -1 | E18: =0 -> 0 | F18: =I17 -> -0.025263158 | G18: =J17 -> 0.11684211 | H18: =H17+B17 -> 206.75 | I18: =F18+E18*B18 -> -0.025263158 | J18: =G18+F18*B18+0.5*E18*B18^2 -> 0.0031578947 | K18: =G18*B18+0.5*F18*B18^2+E18*B18^3/6 -> 0.27 | L18: =SUM(J88:J91) -> 702.5033 | M18: =SUM(K88:K91) -> 0.23469306 | N18: =MAX(ABS(D18*(C18*(Tinh_toan_x2!E14*Tinh_toan_x2!E17+F18)*Tinh_toan_x2!E12/(2*Tinh_toan_x2!E15*Tinh_toan_x2!E13)+(Tinh_toan_x2!C47+Tinh_toan_x2!E52+Tinh_toan_x2!E53/Tinh_toan_x2!E13^2)*2*Tinh_toan_x2!E13/Tinh_toan_x2!E12*F18)),ABS(D18*(C18*(Tinh_toan_x2!E14*Tinh_toan_x2!E17+I18)*Tinh_toan_x2!E12/(2*Tinh_toan_x2!E15*Tinh_toan_x2!E13)+(Tinh_toan_x2!C47+Tinh_toan_x2!E52+Tinh_toan_x2!E53/Tinh_toan_x2!E13^2)*2*Tinh_toan_x2!E13/Tinh_toan_x2!E12*I18))) -> 0.22837253
A19: Không tải giảm j+ | B19: =Tinh_toan_x2!E58 -> 0.25 | C19: =Tinh_toan_x2!E7+Tinh_toan_x2!E51 -> 222 | D19: -1 | E19: =Tinh_toan_x2!E9/(Tinh_toan_x2!M29-Tinh_toan_x2!E58)/Tinh_toan_x2!E58 -> 0.10105263 | F19: =I18 -> -0.025263158 | G19: =J18 -> 0.0031578947 | H19: =H18+B18 -> 211.25 | I19: =F19+E19*B19 -> 0 | J19: =G19+F19*B19+0.5*E19*B19^2 -> -9.97466e-18 | K19: =G19*B19+0.5*F19*B19^2+E19*B19^3/6 -> 0.00026315789 | L19: =SUM(J92:J95) -> 0.0069348241 | M19: =SUM(K92:K95) -> 0.02035693 | N19: =MAX(ABS(D19*(C19*(Tinh_toan_x2!E14*Tinh_toan_x2!E17+F19)*Tinh_toan_x2!E12/(2*Tinh_toan_x2!E15*Tinh_toan_x2!E13)+(Tinh_toan_x2!C47+Tinh_toan_x2!E52+Tinh_toan_x2!E53/Tinh_toan_x2!E13^2)*2*Tinh_toan_x2!E13/Tinh_toan_x2!E12*F19)),ABS(D19*(C19*(Tinh_toan_x2!E14*Tinh_toan_x2!E17+I19)*Tinh_toan_x2!E12/(2*Tinh_toan_x2!E15*Tinh_toan_x2!E13)+(Tinh_toan_x2!C47+Tinh_toan_x2!E52+Tinh_toan_x2!E53/Tinh_toan_x2!E13^2)*2*Tinh_toan_x2!E13/Tinh_toan_x2!E12*I19))) -> 0.56714063
A22: Thời gian chu kỳ | B22: =SUM(B5:B19) -> 211.5 | C22: s
A23: Quãng đường đi | B23: =SUM(K5:K11) -> 10.32 | C23: m
A24: Quãng đường về | B24: =SUM(K13:K19) -> 10.32 | C24: m
A25: Công suất hiệu dụng motor | B25: =SQRT(SUM(L5:L19)/B22) -> 1924.6695 | C25: W
A26: Mô-men RMS motor | B26: =SQRT(SUM(M5:M19)/B22) -> 20.973821 | C26: N·m
A27: Mô-men motor đỉnh | B27: =MAX(N5:N19) -> 35.041031 | C27: N·m
A28: Gia tốc lớn nhất | B28: =MAX(MAX(F5:F19),-MIN(F5:F19),MAX(I5:I19),-MIN(I5:I19)) -> 0.068571429 | C28: m/s²
A29: Jerk lớn nhất | B29: =MAX(MAX(E5:E19),-MIN(E5:E19)) -> 0.27428571 | C29: m/s³
A30: Công suất hiệu dụng có dự trữ | B30: =B25*Tinh_toan_x2!E16 -> 2309.6034 | C30: W
A31: Kiểm tra quỹ đạo | B31: =IF(AND(B28<=Tinh_toan_x2!E10,B29<=Tinh_toan_x2!E11,ABS(B23-B24)<0.000001,MIN(B5:B19)>=0),"Đạt theo đầu vào","CẦN SỬA") -> Đạt theo đầu vào
A32: Mô hình lực cản khi giảm tốc | B32: =IF(Tinh_toan_x2!E14*Tinh_toan_x2!E17+B28>0,IF(Tinh_toan_x2!E14*Tinh_toan_x2!E17> B28,"Áp dụng công thức thuận","CẦN XÉT HIỆU SUẤT NGƯỢC"),"CẦN XÉT LẠI") -> Áp dụng công thức thuận
A34: Tích phân Gauss 4 điểm cho mỗi pha: chính xác cho P² là đa thức bậc ≤ 6; công suất trung bình không thay cho RMS.
A35: Pha | B35: Trọng số × Δt | C35: u | D35: τ (s) | E35: v dọc đường | F35: a dọc đường | G35: F có dấu | H35: M motor | I35: P motor | J35: P² × dt | K35: M² × dt
A36: =A5 -> Có tải tăng j+ | B36: =B5*0.173927422568727 -> 0.043481856 | C36: 0.069431844 | D36: =B5*C36 -> 0.017357961 | E36: =G5+F5*D36+0.5*E5*D36^2 -> 4.132098e-05 | F36: =F5+E5*D36 -> 0.0047610407 | G36: =D5*C5*(Tinh_toan_x2!E14*Tinh_toan_x2!E17+F36) -> 24474.374 | H36: =G36*Tinh_toan_x2!E12/(2*Tinh_toan_x2!E15*Tinh_toan_x2!E13)+D5*(Tinh_toan_x2!C47+Tinh_toan_x2!E52+Tinh_toan_x2!E53/Tinh_toan_x2!E13^2)*2*Tinh_toan_x2!E13/Tinh_toan_x2!E12*F36 -> 32.016219 | I36: =H36*D5*E36*2*Tinh_toan_x2!E13/Tinh_toan_x2!E12 -> 1.0583532 | J36: =I36^2*B36 -> 0.048704531 | K36: =H36^2*B36 -> 44.570568
A37: =A5 -> Có tải tăng j+ | B37: =B5*0.326072577431273 -> 0.081518144 | C37: 0.33000948 | D37: =B5*C37 -> 0.08250237 | E37: =G5+F5*D37+0.5*E5*D37^2 -> 0.00093348219 | F37: =F5+E5*D37 -> 0.022629221 | G37: =D5*C5*(Tinh_toan_x2!E14*Tinh_toan_x2!E17+F37) -> 24696.726 | H37: =G37*Tinh_toan_x2!E12/(2*Tinh_toan_x2!E15*Tinh_toan_x2!E13)+D5*(Tinh_toan_x2!C47+Tinh_toan_x2!E52+Tinh_toan_x2!E53/Tinh_toan_x2!E13^2)*2*Tinh_toan_x2!E13/Tinh_toan_x2!E12*F37 -> 32.863227 | I37: =H37*D5*E37*2*Tinh_toan_x2!E13/Tinh_toan_x2!E12 -> 24.54179 | J37: =I37^2*B37 -> 49.098333 | K37: =H37^2*B37 -> 88.038919
A38: =A5 -> Có tải tăng j+ | B38: =B5*0.326072577431273 -> 0.081518144 | C38: 0.66999052 | D38: =B5*C38 -> 0.16749763 | E38: =G5+F5*D38+0.5*E5*D38^2 -> 0.0038476054 | F38: =F5+E5*D38 -> 0.045942207 | G38: =D5*C5*(Tinh_toan_x2!E14*Tinh_toan_x2!E17+F38) -> 24986.833 | H38: =G38*Tinh_toan_x2!E12/(2*Tinh_toan_x2!E15*Tinh_toan_x2!E13)+D5*(Tinh_toan_x2!C47+Tinh_toan_x2!E52+Tinh_toan_x2!E53/Tinh_toan_x2!E13^2)*2*Tinh_toan_x2!E13/Tinh_toan_x2!E12*F38 -> 33.968335 | I38: =H38*D5*E38*2*Tinh_toan_x2!E13/Tinh_toan_x2!E12 -> 104.5574 | J38: =I38^2*B38 -> 891.17675 | K38: =H38^2*B38 -> 94.059533
A39: =A5 -> Có tải tăng j+ | B39: =B5*0.173927422568727 -> 0.043481856 | C39: 0.93056816 | D39: =B5*C39 -> 0.23264204 | E39: =G5+F5*D39+0.5*E5*D39^2 -> 0.0074224894 | F39: =F5+E5*D39 -> 0.063810388 | G39: =D5*C5*(Tinh_toan_x2!E14*Tinh_toan_x2!E17+F39) -> 25209.184 | H39: =G39*Tinh_toan_x2!E12/(2*Tinh_toan_x2!E15*Tinh_toan_x2!E13)+D5*(Tinh_toan_x2!C47+Tinh_toan_x2!E52+Tinh_toan_x2!E53/Tinh_toan_x2!E13^2)*2*Tinh_toan_x2!E13/Tinh_toan_x2!E12*F39 -> 34.815343 | I39: =H39*D5*E39*2*Tinh_toan_x2!E13/Tinh_toan_x2!E12 -> 206.73321 | J39: =I39^2*B39 -> 1858.3545 | K39: =H39^2*B39 -> 52.70471
A40: =A6 -> Có tải tăng a | B40: =B6*0.173927422568727 -> 0.26089113 | C40: 0.069431844 | D40: =B6*C40 -> 0.10414777 | E40: =G6+F6*D40+0.5*E6*D40^2 -> 0.01571299 | F40: =F6+E6*D40 -> 0.068571429 | G40: =D6*C6*(Tinh_toan_x2!E14*Tinh_toan_x2!E17+F40) -> 25268.431 | H40: =G40*Tinh_toan_x2!E12/(2*Tinh_toan_x2!E15*Tinh_toan_x2!E13)+D6*(Tinh_toan_x2!C47+Tinh_toan_x2!E52+Tinh_toan_x2!E53/Tinh_toan_x2!E13^2)*2*Tinh_toan_x2!E13/Tinh_toan_x2!E12*F40 -> 35.041031 | I40: =H40*D6*E40*2*Tinh_toan_x2!E13/Tinh_toan_x2!E12 -> 440.47949 | J40: =I40^2*B40 -> 50618.667 | K40: =H40^2*B40 -> 320.34141
A41: =A6 -> Có tải tăng a | B41: =B6*0.326072577431273 -> 0.48910887 | C41: 0.33000948 | D41: =B6*C41 -> 0.49501422 | E41: =G6+F6*D41+0.5*E6*D41^2 -> 0.042515261 | F41: =F6+E6*D41 -> 0.068571429 | G41: =D6*C6*(Tinh_toan_x2!E14*Tinh_toan_x2!E17+F41) -> 25268.431 | H41: =G41*Tinh_toan_x2!E12/(2*Tinh_toan_x2!E15*Tinh_toan_x2!E13)+D6*(Tinh_toan_x2!C47+Tinh_toan_x2!E52+Tinh_toan_x2!E53/Tinh_toan_x2!E13^2)*2*Tinh_toan_x2!E13/Tinh_toan_x2!E12*F41 -> 35.041031 | I41: =H41*D6*E41*2*Tinh_toan_x2!E13/Tinh_toan_x2!E12 -> 1191.8229 | J41: =I41^2*B41 -> 694750.64 | K41: =H41^2*B41 -> 600.564
A42: =A6 -> Có tải tăng a | B42: =B6*0.326072577431273 -> 0.48910887 | C42: 0.66999052 | D42: =B6*C42 -> 1.0049858 | E42: =G6+F6*D42+0.5*E6*D42^2 -> 0.077484739 | F42: =F6+E6*D42 -> 0.068571429 | G42: =D6*C6*(Tinh_toan_x2!E14*Tinh_toan_x2!E17+F42) -> 25268.431 | H42: =G42*Tinh_toan_x2!E12/(2*Tinh_toan_x2!E15*Tinh_toan_x2!E13)+D6*(Tinh_toan_x2!C47+Tinh_toan_x2!E52+Tinh_toan_x2!E53/Tinh_toan_x2!E13^2)*2*Tinh_toan_x2!E13/Tinh_toan_x2!E12*F42 -> 35.041031 | I42: =H42*D6*E42*2*Tinh_toan_x2!E13/Tinh_toan_x2!E12 -> 2172.1161 | J42: =I42^2*B42 -> 2307658.9 | K42: =H42^2*B42 -> 600.564
A43: =A6 -> Có tải tăng a | B43: =B6*0.173927422568727 -> 0.26089113 | C43: 0.93056816 | D43: =B6*C43 -> 1.3958522 | E43: =G6+F6*D43+0.5*E6*D43^2 -> 0.10428701 | F43: =F6+E6*D43 -> 0.068571429 | G43: =D6*C6*(Tinh_toan_x2!E14*Tinh_toan_x2!E17+F43) -> 25268.431 | H43: =G43*Tinh_toan_x2!E12/(2*Tinh_toan_x2!E15*Tinh_toan_x2!E13)+D6*(Tinh_toan_x2!C47+Tinh_toan_x2!E52+Tinh_toan_x2!E53/Tinh_toan_x2!E13^2)*2*Tinh_toan_x2!E13/Tinh_toan_x2!E12*F43 -> 35.041031 | I43: =H43*D6*E43*2*Tinh_toan_x2!E13/Tinh_toan_x2!E12 -> 2923.4595 | J43: =I43^2*B43 -> 2229736.2 | K43: =H43^2*B43 -> 320.34141
A44: =A7 -> Có tải tăng j- | B44: =B7*0.173927422568727 -> 0.043481856 | C44: 0.069431844 | D44: =B7*C44 -> 0.017357961 | E44: =G7+F7*D44+0.5*E7*D44^2 -> 0.11257751 | F44: =F7+E7*D44 -> 0.063810388 | G44: =D7*C7*(Tinh_toan_x2!E14*Tinh_toan_x2!E17+F44) -> 25209.184 | H44: =G44*Tinh_toan_x2!E12/(2*Tinh_toan_x2!E15*Tinh_toan_x2!E13)+D7*(Tinh_toan_x2!C47+Tinh_toan_x2!E52+Tinh_toan_x2!E53/Tinh_toan_x2!E13^2)*2*Tinh_toan_x2!E13/Tinh_toan_x2!E12*F44 -> 34.815343 | I44: =H44*D7*E44*2*Tinh_toan_x2!E13/Tinh_toan_x2!E12 -> 3135.5397 | J44: =I44^2*B44 -> 427496.62 | K44: =H44^2*B44 -> 52.70471
A45: =A7 -> Có tải tăng j- | B45: =B7*0.326072577431273 -> 0.081518144 | C45: 0.33000948 | D45: =B7*C45 -> 0.08250237 | E45: =G7+F7*D45+0.5*E7*D45^2 -> 0.11615239 | F45: =F7+E7*D45 -> 0.045942207 | G45: =D7*C7*(Tinh_toan_x2!E14*Tinh_toan_x2!E17+F45) -> 24986.833 | H45: =G45*Tinh_toan_x2!E12/(2*Tinh_toan_x2!E15*Tinh_toan_x2!E13)+D7*(Tinh_toan_x2!C47+Tinh_toan_x2!E52+Tinh_toan_x2!E53/Tinh_toan_x2!E13^2)*2*Tinh_toan_x2!E13/Tinh_toan_x2!E12*F45 -> 33.968335 | I45: =H45*D7*E45*2*Tinh_toan_x2!E13/Tinh_toan_x2!E12 -> 3156.4028 | J45: =I45^2*B45 -> 812155.38 | K45: =H45^2*B45 -> 94.059533
A46: =A7 -> Có tải tăng j- | B46: =B7*0.326072577431273 -> 0.081518144 | C46: 0.66999052 | D46: =B7*C46 -> 0.16749763 | E46: =G7+F7*D46+0.5*E7*D46^2 -> 0.11906652 | F46: =F7+E7*D46 -> 0.022629221 | G46: =D7*C7*(Tinh_toan_x2!E14*Tinh_toan_x2!E17+F46) -> 24696.726 | H46: =G46*Tinh_toan_x2!E12/(2*Tinh_toan_x2!E15*Tinh_toan_x2!E13)+D7*(Tinh_toan_x2!C47+Tinh_toan_x2!E52+Tinh_toan_x2!E53/Tinh_toan_x2!E13^2)*2*Tinh_toan_x2!E13/Tinh_toan_x2!E12*F46 -> 32.863227 | I46: =H46*D7*E46*2*Tinh_toan_x2!E13/Tinh_toan_x2!E12 -> 3130.328 | J46: =I46^2*B46 -> 798792.5 | K46: =H46^2*B46 -> 88.038919
A47: =A7 -> Có tải tăng j- | B47: =B7*0.173927422568727 -> 0.043481856 | C47: 0.93056816 | D47: =B7*C47 -> 0.23264204 | E47: =G7+F7*D47+0.5*E7*D47^2 -> 0.11995868 | F47: =F7+E7*D47 -> 0.0047610407 | G47: =D7*C7*(Tinh_toan_x2!E14*Tinh_toan_x2!E17+F47) -> 24474.374 | H47: =G47*Tinh_toan_x2!E12/(2*Tinh_toan_x2!E15*Tinh_toan_x2!E13)+D7*(Tinh_toan_x2!C47+Tinh_toan_x2!E52+Tinh_toan_x2!E53/Tinh_toan_x2!E13^2)*2*Tinh_toan_x2!E13/Tinh_toan_x2!E12*F47 -> 32.016219 | I47: =H47*D7*E47*2*Tinh_toan_x2!E13/Tinh_toan_x2!E12 -> 3072.4987 | J47: =I47^2*B47 -> 410479.52 | K47: =H47^2*B47 -> 44.570568
A48: =A8 -> Có tải đều | B48: =B8*0.173927422568727 -> 13.914194 | C48: 0.069431844 | D48: =B8*C48 -> 5.5545475 | E48: =G8+F8*D48+0.5*E8*D48^2 -> 0.12 | F48: =F8+E8*D48 -> 0 | G48: =D8*C8*(Tinh_toan_x2!E14*Tinh_toan_x2!E17+F48) -> 24415.128 | H48: =G48*Tinh_toan_x2!E12/(2*Tinh_toan_x2!E15*Tinh_toan_x2!E13)+D8*(Tinh_toan_x2!C47+Tinh_toan_x2!E52+Tinh_toan_x2!E53/Tinh_toan_x2!E13^2)*2*Tinh_toan_x2!E13/Tinh_toan_x2!E12*F48 -> 31.790531 | I48: =H48*D8*E48*2*Tinh_toan_x2!E13/Tinh_toan_x2!E12 -> 3051.891 | J48: =I48^2*B48 -> 1.2959734e+08 | K48: =H48^2*B48 -> 14062.211
A49: =A8 -> Có tải đều | B49: =B8*0.326072577431273 -> 26.085806 | C49: 0.33000948 | D49: =B8*C49 -> 26.400758 | E49: =G8+F8*D49+0.5*E8*D49^2 -> 0.12 | F49: =F8+E8*D49 -> 0 | G49: =D8*C8*(Tinh_toan_x2!E14*Tinh_toan_x2!E17+F49) -> 24415.128 | H49: =G49*Tinh_toan_x2!E12/(2*Tinh_toan_x2!E15*Tinh_toan_x2!E13)+D8*(Tinh_toan_x2!C47+Tinh_toan_x2!E52+Tinh_toan_x2!E53/Tinh_toan_x2!E13^2)*2*Tinh_toan_x2!E13/Tinh_toan_x2!E12*F49 -> 31.790531 | I49: =H49*D8*E49*2*Tinh_toan_x2!E13/Tinh_toan_x2!E12 -> 3051.891 | J49: =I49^2*B49 -> 2.4296421e+08 | K49: =H49^2*B49 -> 26363.304
A50: =A8 -> Có tải đều | B50: =B8*0.326072577431273 -> 26.085806 | C50: 0.66999052 | D50: =B8*C50 -> 53.599242 | E50: =G8+F8*D50+0.5*E8*D50^2 -> 0.12 | F50: =F8+E8*D50 -> 0 | G50: =D8*C8*(Tinh_toan_x2!E14*Tinh_toan_x2!E17+F50) -> 24415.128 | H50: =G50*Tinh_toan_x2!E12/(2*Tinh_toan_x2!E15*Tinh_toan_x2!E13)+D8*(Tinh_toan_x2!C47+Tinh_toan_x2!E52+Tinh_toan_x2!E53/Tinh_toan_x2!E13^2)*2*Tinh_toan_x2!E13/Tinh_toan_x2!E12*F50 -> 31.790531 | I50: =H50*D8*E50*2*Tinh_toan_x2!E13/Tinh_toan_x2!E12 -> 3051.891 | J50: =I50^2*B50 -> 2.4296421e+08 | K50: =H50^2*B50 -> 26363.304
A51: =A8 -> Có tải đều | B51: =B8*0.173927422568727 -> 13.914194 | C51: 0.93056816 | D51: =B8*C51 -> 74.445452 | E51: =G8+F8*D51+0.5*E8*D51^2 -> 0.12 | F51: =F8+E8*D51 -> 0 | G51: =D8*C8*(Tinh_toan_x2!E14*Tinh_toan_x2!E17+F51) -> 24415.128 | H51: =G51*Tinh_toan_x2!E12/(2*Tinh_toan_x2!E15*Tinh_toan_x2!E13)+D8*(Tinh_toan_x2!C47+Tinh_toan_x2!E52+Tinh_toan_x2!E53/Tinh_toan_x2!E13^2)*2*Tinh_toan_x2!E13/Tinh_toan_x2!E12*F51 -> 31.790531 | I51: =H51*D8*E51*2*Tinh_toan_x2!E13/Tinh_toan_x2!E12 -> 3051.891 | J51: =I51^2*B51 -> 1.2959734e+08 | K51: =H51^2*B51 -> 14062.211
A52: =A9 -> Có tải giảm j- | B52: =B9*0.173927422568727 -> 0.043481856 | C52: 0.069431844 | D52: =B9*C52 -> 0.017357961 | E52: =G9+F9*D52+0.5*E9*D52^2 -> 0.11999258 | F52: =F9+E9*D52 -> -0.00085454577 | G52: =D9*C9*(Tinh_toan_x2!E14*Tinh_toan_x2!E17+F52) -> 24404.494 | H52: =G52*Tinh_toan_x2!E12/(2*Tinh_toan_x2!E15*Tinh_toan_x2!E13)+D9*(Tinh_toan_x2!C47+Tinh_toan_x2!E52+Tinh_toan_x2!E53/Tinh_toan_x2!E13^2)*2*Tinh_toan_x2!E13/Tinh_toan_x2!E12*F52 -> 31.750023 | I52: =H52*D9*E52*2*Tinh_toan_x2!E13/Tinh_toan_x2!E12 -> 3047.8138 | J52: =I52^2*B52 -> 403910.31 | K52: =H52^2*B52 -> 43.832492
A53: =A9 -> Có tải giảm j- | B53: =B9*0.326072577431273 -> 0.081518144 | C53: 0.33000948 | D53: =B9*C53 -> 0.08250237 | E53: =G9+F9*D53+0.5*E9*D53^2 -> 0.11983245 | F53: =F9+E9*D53 -> -0.0040616551 | G53: =D9*C9*(Tinh_toan_x2!E14*Tinh_toan_x2!E17+F53) -> 24364.585 | H53: =G53*Tinh_toan_x2!E12/(2*Tinh_toan_x2!E15*Tinh_toan_x2!E13)+D9*(Tinh_toan_x2!C47+Tinh_toan_x2!E52+Tinh_toan_x2!E53/Tinh_toan_x2!E13^2)*2*Tinh_toan_x2!E13/Tinh_toan_x2!E12*F53 -> 31.597996 | I53: =H53*D9*E53*2*Tinh_toan_x2!E13/Tinh_toan_x2!E12 -> 3029.1723 | J53: =I53^2*B53 -> 748001.09 | K53: =H53^2*B53 -> 81.390435
A54: =A9 -> Có tải giảm j- | B54: =B9*0.326072577431273 -> 0.081518144 | C54: 0.66999052 | D54: =B9*C54 -> 0.16749763 | E54: =G9+F9*D54+0.5*E9*D54^2 -> 0.1193094 | F54: =F9+E9*D54 -> -0.0082460372 | G54: =D9*C9*(Tinh_toan_x2!E14*Tinh_toan_x2!E17+F54) -> 24312.514 | H54: =G54*Tinh_toan_x2!E12/(2*Tinh_toan_x2!E15*Tinh_toan_x2!E13)+D9*(Tinh_toan_x2!C47+Tinh_toan_x2!E52+Tinh_toan_x2!E53/Tinh_toan_x2!E13^2)*2*Tinh_toan_x2!E13/Tinh_toan_x2!E12*F54 -> 31.399643 | I54: =H54*D9*E54*2*Tinh_toan_x2!E13/Tinh_toan_x2!E12 -> 2997.0182 | J54: =I54^2*B54 -> 732205.59 | K54: =H54^2*B54 -> 80.371804
A55: =A9 -> Có tải giảm j- | B55: =B9*0.173927422568727 -> 0.043481856 | C55: 0.93056816 | D55: =B9*C55 -> 0.23264204 | E55: =G9+F9*D55+0.5*E9*D55^2 -> 0.11866776 | F55: =F9+E9*D55 -> -0.011453147 | G55: =D9*C9*(Tinh_toan_x2!E14*Tinh_toan_x2!E17+F55) -> 24272.605 | H55: =G55*Tinh_toan_x2!E12/(2*Tinh_toan_x2!E15*Tinh_toan_x2!E13)+D9*(Tinh_toan_x2!C47+Tinh_toan_x2!E52+Tinh_toan_x2!E53/Tinh_toan_x2!E13^2)*2*Tinh_toan_x2!E13/Tinh_toan_x2!E12*F55 -> 31.247616 | I55: =H55*D9*E55*2*Tinh_toan_x2!E13/Tinh_toan_x2!E12 -> 2966.4677 | J55: =I55^2*B55 -> 382637.3 | K55: =H55^2*B55 -> 42.456272
A56: =A10 -> Có tải giảm a | B56: =B10*0.173927422568727 -> 1.6523105 | C56: 0.069431844 | D56: =B10*C56 -> 0.65960252 | E56: =G10+F10*D56+0.5*E10*D56^2 -> 0.11034335 | F56: =F10+E10*D56 -> -0.012307692 | G56: =D10*C10*(Tinh_toan_x2!E14*Tinh_toan_x2!E17+F56) -> 24261.971 | H56: =G56*Tinh_toan_x2!E12/(2*Tinh_toan_x2!E15*Tinh_toan_x2!E13)+D10*(Tinh_toan_x2!C47+Tinh_toan_x2!E52+Tinh_toan_x2!E53/Tinh_toan_x2!E13^2)*2*Tinh_toan_x2!E13/Tinh_toan_x2!E12*F56 -> 31.207108 | I56: =H56*D10*E56*2*Tinh_toan_x2!E13/Tinh_toan_x2!E12 -> 2754.7976 | J56: =I56^2*B56 -> 12539235 | K56: =H56^2*B56 -> 1609.1581
A57: =A10 -> Có tải giảm a | B57: =B10*0.326072577431273 -> 3.0976895 | C57: 0.33000948 | D57: =B10*C57 -> 3.13509 | E57: =G10+F10*D57+0.5*E10*D57^2 -> 0.079875815 | F57: =F10+E10*D57 -> -0.012307692 | G57: =D10*C10*(Tinh_toan_x2!E14*Tinh_toan_x2!E17+F57) -> 24261.971 | H57: =G57*Tinh_toan_x2!E12/(2*Tinh_toan_x2!E15*Tinh_toan_x2!E13)+D10*(Tinh_toan_x2!C47+Tinh_toan_x2!E52+Tinh_toan_x2!E53/Tinh_toan_x2!E13^2)*2*Tinh_toan_x2!E13/Tinh_toan_x2!E12*F57 -> 31.207108 | I57: =H57*D10*E57*2*Tinh_toan_x2!E13/Tinh_toan_x2!E12 -> 1994.1546 | J57: =I57^2*B57 -> 12318434 | K57: =H57^2*B57 -> 3016.789
A58: =A10 -> Có tải giảm a | B58: =B10*0.326072577431273 -> 3.0976895 | C58: 0.66999052 | D58: =B10*C58 -> 6.36491 | E58: =G10+F10*D58+0.5*E10*D58^2 -> 0.040124185 | F58: =F10+E10*D58 -> -0.012307692 | G58: =D10*C10*(Tinh_toan_x2!E14*Tinh_toan_x2!E17+F58) -> 24261.971 | H58: =G58*Tinh_toan_x2!E12/(2*Tinh_toan_x2!E15*Tinh_toan_x2!E13)+D10*(Tinh_toan_x2!C47+Tinh_toan_x2!E52+Tinh_toan_x2!E53/Tinh_toan_x2!E13^2)*2*Tinh_toan_x2!E13/Tinh_toan_x2!E12*F58 -> 31.207108 | I58: =H58*D10*E58*2*Tinh_toan_x2!E13/Tinh_toan_x2!E12 -> 1001.7278 | J58: =I58^2*B58 -> 3108403.3 | K58: =H58^2*B58 -> 3016.789
A59: =A10 -> Có tải giảm a | B59: =B10*0.173927422568727 -> 1.6523105 | C59: 0.93056816 | D59: =B10*C59 -> 8.8403975 | E59: =G10+F10*D59+0.5*E10*D59^2 -> 0.0096566464 | F59: =F10+E10*D59 -> -0.012307692 | G59: =D10*C10*(Tinh_toan_x2!E14*Tinh_toan_x2!E17+F59) -> 24261.971 | H59: =G59*Tinh_toan_x2!E12/(2*Tinh_toan_x2!E15*Tinh_toan_x2!E13)+D10*(Tinh_toan_x2!C47+Tinh_toan_x2!E52+Tinh_toan_x2!E53/Tinh_toan_x2!E13^2)*2*Tinh_toan_x2!E13/Tinh_toan_x2!E12*F59 -> 31.207108 | I59: =H59*D10*E59*2*Tinh_toan_x2!E13/Tinh_toan_x2!E12 -> 241.08481 | J59: =I59^2*B59 -> 96035.4 | K59: =H59^2*B59 -> 1609.1581
A60: =A11 -> Có tải giảm j+ | B60: =B11*0.173927422568727 -> 0.043481856 | C60: 0.069431844 | D60: =B11*C60 -> 0.017357961 | E60: =G11+F11*D60+0.5*E11*D60^2 -> 0.0013322417 | F60: =F11+E11*D60 -> -0.011453147 | G60: =D11*C11*(Tinh_toan_x2!E14*Tinh_toan_x2!E17+F60) -> 24272.605 | H60: =G60*Tinh_toan_x2!E12/(2*Tinh_toan_x2!E15*Tinh_toan_x2!E13)+D11*(Tinh_toan_x2!C47+Tinh_toan_x2!E52+Tinh_toan_x2!E53/Tinh_toan_x2!E13^2)*2*Tinh_toan_x2!E13/Tinh_toan_x2!E12*F60 -> 31.247616 | I60: =H60*D11*E60*2*Tinh_toan_x2!E13/Tinh_toan_x2!E12 -> 33.303502 | J60: =I60^2*B60 -> 48.226735 | K60: =H60^2*B60 -> 42.456272
A61: =A11 -> Có tải giảm j+ | B61: =B11*0.326072577431273 -> 0.081518144 | C61: 0.33000948 | D61: =B11*C61 -> 0.08250237 | E61: =G11+F11*D61+0.5*E11*D61^2 -> 0.00069059585 | F61: =F11+E11*D61 -> -0.0082460372 | G61: =D11*C11*(Tinh_toan_x2!E14*Tinh_toan_x2!E17+F61) -> 24312.514 | H61: =G61*Tinh_toan_x2!E12/(2*Tinh_toan_x2!E15*Tinh_toan_x2!E13)+D11*(Tinh_toan_x2!C47+Tinh_toan_x2!E52+Tinh_toan_x2!E53/Tinh_toan_x2!E13^2)*2*Tinh_toan_x2!E13/Tinh_toan_x2!E12*F61 -> 31.399643 | I61: =H61*D11*E61*2*Tinh_toan_x2!E13/Tinh_toan_x2!E12 -> 17.347571 | J61: =I61^2*B61 -> 24.531924 | K61: =H61^2*B61 -> 80.371804
A62: =A11 -> Có tải giảm j+ | B62: =B11*0.326072577431273 -> 0.081518144 | C62: 0.66999052 | D62: =B11*C62 -> 0.16749763 | E62: =G11+F11*D62+0.5*E11*D62^2 -> 0.00016754809 | F62: =F11+E11*D62 -> -0.0040616551 | G62: =D11*C11*(Tinh_toan_x2!E14*Tinh_toan_x2!E17+F62) -> 24364.585 | H62: =G62*Tinh_toan_x2!E12/(2*Tinh_toan_x2!E15*Tinh_toan_x2!E13)+D11*(Tinh_toan_x2!C47+Tinh_toan_x2!E52+Tinh_toan_x2!E53/Tinh_toan_x2!E13^2)*2*Tinh_toan_x2!E13/Tinh_toan_x2!E12*F62 -> 31.597996 | I62: =H62*D11*E62*2*Tinh_toan_x2!E13/Tinh_toan_x2!E12 -> 4.235347 | J62: =I62^2*B62 -> 1.4622859 | K62: =H62^2*B62 -> 81.390435
A63: =A11 -> Có tải giảm j+ | B63: =B11*0.173927422568727 -> 0.043481856 | C63: 0.93056816 | D63: =B11*C63 -> 0.23264204 | E63: =G11+F11*D63+0.5*E11*D63^2 -> 7.4165861e-06 | F63: =F11+E11*D63 -> -0.00085454577 | G63: =D11*C11*(Tinh_toan_x2!E14*Tinh_toan_x2!E17+F63) -> 24404.494 | H63: =G63*Tinh_toan_x2!E12/(2*Tinh_toan_x2!E15*Tinh_toan_x2!E13)+D11*(Tinh_toan_x2!C47+Tinh_toan_x2!E52+Tinh_toan_x2!E53/Tinh_toan_x2!E13^2)*2*Tinh_toan_x2!E13/Tinh_toan_x2!E12*F63 -> 31.750023 | I63: =H63*D11*E63*2*Tinh_toan_x2!E13/Tinh_toan_x2!E12 -> 0.18838143 | J63: =I63^2*B63 -> 0.001543065 | K63: =H63^2*B63 -> 43.832492
A64: =A12 -> Nghỉ | B64: =B12*0.173927422568727 -> 5.2178227 | C64: 0.069431844 | D64: =B12*C64 -> 2.0829553 | E64: =G12+F12*D64+0.5*E12*D64^2 -> 0 | F64: =F12+E12*D64 -> 0 | G64: =D12*C12*(Tinh_toan_x2!E14*Tinh_toan_x2!E17+F64) -> 0 | H64: =G64*Tinh_toan_x2!E12/(2*Tinh_toan_x2!E15*Tinh_toan_x2!E13)+D12*(Tinh_toan_x2!C47+Tinh_toan_x2!E52+Tinh_toan_x2!E53/Tinh_toan_x2!E13^2)*2*Tinh_toan_x2!E13/Tinh_toan_x2!E12*F64 -> 0 | I64: =H64*D12*E64*2*Tinh_toan_x2!E13/Tinh_toan_x2!E12 -> 0 | J64: =I64^2*B64 -> 0 | K64: =H64^2*B64 -> 0
A65: =A12 -> Nghỉ | B65: =B12*0.326072577431273 -> 9.7821773 | C65: 0.33000948 | D65: =B12*C65 -> 9.9002843 | E65: =G12+F12*D65+0.5*E12*D65^2 -> 0 | F65: =F12+E12*D65 -> 0 | G65: =D12*C12*(Tinh_toan_x2!E14*Tinh_toan_x2!E17+F65) -> 0 | H65: =G65*Tinh_toan_x2!E12/(2*Tinh_toan_x2!E15*Tinh_toan_x2!E13)+D12*(Tinh_toan_x2!C47+Tinh_toan_x2!E52+Tinh_toan_x2!E53/Tinh_toan_x2!E13^2)*2*Tinh_toan_x2!E13/Tinh_toan_x2!E12*F65 -> 0 | I65: =H65*D12*E65*2*Tinh_toan_x2!E13/Tinh_toan_x2!E12 -> 0 | J65: =I65^2*B65 -> 0 | K65: =H65^2*B65 -> 0
A66: =A12 -> Nghỉ | B66: =B12*0.326072577431273 -> 9.7821773 | C66: 0.66999052 | D66: =B12*C66 -> 20.099716 | E66: =G12+F12*D66+0.5*E12*D66^2 -> 0 | F66: =F12+E12*D66 -> 0 | G66: =D12*C12*(Tinh_toan_x2!E14*Tinh_toan_x2!E17+F66) -> 0 | H66: =G66*Tinh_toan_x2!E12/(2*Tinh_toan_x2!E15*Tinh_toan_x2!E13)+D12*(Tinh_toan_x2!C47+Tinh_toan_x2!E52+Tinh_toan_x2!E53/Tinh_toan_x2!E13^2)*2*Tinh_toan_x2!E13/Tinh_toan_x2!E12*F66 -> 0 | I66: =H66*D12*E66*2*Tinh_toan_x2!E13/Tinh_toan_x2!E12 -> 0 | J66: =I66^2*B66 -> 0 | K66: =H66^2*B66 -> 0
A67: =A12 -> Nghỉ | B67: =B12*0.173927422568727 -> 5.2178227 | C67: 0.93056816 | D67: =B12*C67 -> 27.917045 | E67: =G12+F12*D67+0.5*E12*D67^2 -> 0 | F67: =F12+E12*D67 -> 0 | G67: =D12*C12*(Tinh_toan_x2!E14*Tinh_toan_x2!E17+F67) -> 0 | H67: =G67*Tinh_toan_x2!E12/(2*Tinh_toan_x2!E15*Tinh_toan_x2!E13)+D12*(Tinh_toan_x2!C47+Tinh_toan_x2!E52+Tinh_toan_x2!E53/Tinh_toan_x2!E13^2)*2*Tinh_toan_x2!E13/Tinh_toan_x2!E12*F67 -> 0 | I67: =H67*D12*E67*2*Tinh_toan_x2!E13/Tinh_toan_x2!E12 -> 0 | J67: =I67^2*B67 -> 0 | K67: =H67^2*B67 -> 0
A68: =A13 -> Không tải tăng j+ | B68: =B13*0.173927422568727 -> 0.043481856 | C68: 0.069431844 | D68: =B13*C68 -> 0.017357961 | E68: =G13+F13*D68+0.5*E13*D68^2 -> 4.132098e-05 | F68: =F13+E13*D68 -> 0.0047610407 | G68: =D13*C13*(Tinh_toan_x2!E14*Tinh_toan_x2!E17+F68) -> -436.62095 | H68: =G68*Tinh_toan_x2!E12/(2*Tinh_toan_x2!E15*Tinh_toan_x2!E13)+D13*(Tinh_toan_x2!C47+Tinh_toan_x2!E52+Tinh_toan_x2!E53/Tinh_toan_x2!E13^2)*2*Tinh_toan_x2!E13/Tinh_toan_x2!E12*F68 -> -0.71706133 | I68: =H68*D13*E68*2*Tinh_toan_x2!E13/Tinh_toan_x2!E12 -> 0.023703742 | J68: =I68^2*B68 -> 2.4431036e-05 | K68: =H68^2*B68 -> 0.022357368
A69: =A13 -> Không tải tăng j+ | B69: =B13*0.326072577431273 -> 0.081518144 | C69: 0.33000948 | D69: =B13*C69 -> 0.08250237 | E69: =G13+F13*D69+0.5*E13*D69^2 -> 0.00093348219 | F69: =F13+E13*D69 -> 0.022629221 | G69: =D13*C13*(Tinh_toan_x2!E14*Tinh_toan_x2!E17+F69) -> -440.58769 | H69: =G69*Tinh_toan_x2!E12/(2*Tinh_toan_x2!E15*Tinh_toan_x2!E13)+D13*(Tinh_toan_x2!C47+Tinh_toan_x2!E52+Tinh_toan_x2!E53/Tinh_toan_x2!E13^2)*2*Tinh_toan_x2!E13/Tinh_toan_x2!E12*F69 -> -1.2797136 | I69: =H69*D13*E69*2*Tinh_toan_x2!E13/Tinh_toan_x2!E12 -> 0.95567188 | J69: =I69^2*B69 -> 0.074451234 | K69: =H69^2*B69 -> 0.13349956
A70: =A13 -> Không tải tăng j+ | B70: =B13*0.326072577431273 -> 0.081518144 | C70: 0.66999052 | D70: =B13*C70 -> 0.16749763 | E70: =G13+F13*D70+0.5*E13*D70^2 -> 0.0038476054 | F70: =F13+E13*D70 -> 0.045942207 | G70: =D13*C13*(Tinh_toan_x2!E14*Tinh_toan_x2!E17+F70) -> -445.76317 | H70: =G70*Tinh_toan_x2!E12/(2*Tinh_toan_x2!E15*Tinh_toan_x2!E13)+D13*(Tinh_toan_x2!C47+Tinh_toan_x2!E52+Tinh_toan_x2!E53/Tinh_toan_x2!E13^2)*2*Tinh_toan_x2!E13/Tinh_toan_x2!E12*F70 -> -2.0138177 | I70: =H70*D13*E70*2*Tinh_toan_x2!E13/Tinh_toan_x2!E12 -> 6.1987006 | J70: =I70^2*B70 -> 3.1322441 | K70: =H70^2*B70 -> 0.3305937
A71: =A13 -> Không tải tăng j+ | B71: =B13*0.173927422568727 -> 0.043481856 | C71: 0.93056816 | D71: =B13*C71 -> 0.23264204 | E71: =G13+F13*D71+0.5*E13*D71^2 -> 0.0074224894 | F71: =F13+E13*D71 -> 0.063810388 | G71: =D13*C13*(Tinh_toan_x2!E14*Tinh_toan_x2!E17+F71) -> -449.72991 | H71: =G71*Tinh_toan_x2!E12/(2*Tinh_toan_x2!E15*Tinh_toan_x2!E13)+D13*(Tinh_toan_x2!C47+Tinh_toan_x2!E52+Tinh_toan_x2!E53/Tinh_toan_x2!E13^2)*2*Tinh_toan_x2!E13/Tinh_toan_x2!E12*F71 -> -2.5764699 | I71: =H71*D13*E71*2*Tinh_toan_x2!E13/Tinh_toan_x2!E12 -> 15.299056 | J71: =I71^2*B71 -> 10.177412 | K71: =H71^2*B71 -> 0.28864113
A72: =A14 -> Không tải tăng a | B72: =B14*0.173927422568727 -> 0.26089113 | C72: 0.069431844 | D72: =B14*C72 -> 0.10414777 | E72: =G14+F14*D72+0.5*E14*D72^2 -> 0.01571299 | F72: =F14+E14*D72 -> 0.068571429 | G72: =D14*C14*(Tinh_toan_x2!E14*Tinh_toan_x2!E17+F72) -> -450.78686 | H72: =G72*Tinh_toan_x2!E12/(2*Tinh_toan_x2!E15*Tinh_toan_x2!E13)+D14*(Tinh_toan_x2!C47+Tinh_toan_x2!E52+Tinh_toan_x2!E53/Tinh_toan_x2!E13^2)*2*Tinh_toan_x2!E13/Tinh_toan_x2!E12*F72 -> -2.7263906 | I72: =H72*D14*E72*2*Tinh_toan_x2!E13/Tinh_toan_x2!E12 -> 34.271798 | J72: =I72^2*B72 -> 306.43129 | K72: =H72^2*B72 -> 1.9392575
A73: =A14 -> Không tải tăng a | B73: =B14*0.326072577431273 -> 0.48910887 | C73: 0.33000948 | D73: =B14*C73 -> 0.49501422 | E73: =G14+F14*D73+0.5*E14*D73^2 -> 0.042515261 | F73: =F14+E14*D73 -> 0.068571429 | G73: =D14*C14*(Tinh_toan_x2!E14*Tinh_toan_x2!E17+F73) -> -450.78686 | H73: =G73*Tinh_toan_x2!E12/(2*Tinh_toan_x2!E15*Tinh_toan_x2!E13)+D14*(Tinh_toan_x2!C47+Tinh_toan_x2!E52+Tinh_toan_x2!E53/Tinh_toan_x2!E13^2)*2*Tinh_toan_x2!E13/Tinh_toan_x2!E12*F73 -> -2.7263906 | I73: =H73*D14*E73*2*Tinh_toan_x2!E13/Tinh_toan_x2!E12 -> 92.730566 | J73: =I73^2*B73 -> 4205.8266 | K73: =H73^2*B73 -> 3.6356469
A74: =A14 -> Không tải tăng a | B74: =B14*0.326072577431273 -> 0.48910887 | C74: 0.66999052 | D74: =B14*C74 -> 1.0049858 | E74: =G14+F14*D74+0.5*E14*D74^2 -> 0.077484739 | F74: =F14+E14*D74 -> 0.068571429 | G74: =D14*C14*(Tinh_toan_x2!E14*Tinh_toan_x2!E17+F74) -> -450.78686 | H74: =G74*Tinh_toan_x2!E12/(2*Tinh_toan_x2!E15*Tinh_toan_x2!E13)+D14*(Tinh_toan_x2!C47+Tinh_toan_x2!E52+Tinh_toan_x2!E53/Tinh_toan_x2!E13^2)*2*Tinh_toan_x2!E13/Tinh_toan_x2!E12*F74 -> -2.7263906 | I74: =H74*D14*E74*2*Tinh_toan_x2!E13/Tinh_toan_x2!E12 -> 169.00293 | J74: =I74^2*B74 -> 13969.923 | K74: =H74^2*B74 -> 3.6356469
A75: =A14 -> Không tải tăng a | B75: =B14*0.173927422568727 -> 0.26089113 | C75: 0.93056816 | D75: =B14*C75 -> 1.3958522 | E75: =G14+F14*D75+0.5*E14*D75^2 -> 0.10428701 | F75: =F14+E14*D75 -> 0.068571429 | G75: =D14*C14*(Tinh_toan_x2!E14*Tinh_toan_x2!E17+F75) -> -450.78686 | H75: =G75*Tinh_toan_x2!E12/(2*Tinh_toan_x2!E15*Tinh_toan_x2!E13)+D14*(Tinh_toan_x2!C47+Tinh_toan_x2!E52+Tinh_toan_x2!E53/Tinh_toan_x2!E13^2)*2*Tinh_toan_x2!E13/Tinh_toan_x2!E12*F75 -> -2.7263906 | I75: =H75*D14*E75*2*Tinh_toan_x2!E13/Tinh_toan_x2!E12 -> 227.4617 | J75: =I75^2*B75 -> 13498.201 | K75: =H75^2*B75 -> 1.9392575
A76: =A15 -> Không tải tăng j- | B76: =B15*0.173927422568727 -> 0.043481856 | C76: 0.069431844 | D76: =B15*C76 -> 0.017357961 | E76: =G15+F15*D76+0.5*E15*D76^2 -> 0.11257751 | F76: =F15+E15*D76 -> 0.063810388 | G76: =D15*C15*(Tinh_toan_x2!E14*Tinh_toan_x2!E17+F76) -> -449.72991 | H76: =G76*Tinh_toan_x2!E12/(2*Tinh_toan_x2!E15*Tinh_toan_x2!E13)+D15*(Tinh_toan_x2!C47+Tinh_toan_x2!E52+Tinh_toan_x2!E53/Tinh_toan_x2!E13^2)*2*Tinh_toan_x2!E13/Tinh_toan_x2!E12*F76 -> -2.5764699 | I76: =H76*D15*E76*2*Tinh_toan_x2!E13/Tinh_toan_x2!E12 -> 232.04206 | J76: =I76^2*B76 -> 2341.216 | K76: =H76^2*B76 -> 0.28864113
A77: =A15 -> Không tải tăng j- | B77: =B15*0.326072577431273 -> 0.081518144 | C77: 0.33000948 | D77: =B15*C77 -> 0.08250237 | E77: =G15+F15*D77+0.5*E15*D77^2 -> 0.11615239 | F77: =F15+E15*D77 -> 0.045942207 | G77: =D15*C15*(Tinh_toan_x2!E14*Tinh_toan_x2!E17+F77) -> -445.76317 | H77: =G77*Tinh_toan_x2!E12/(2*Tinh_toan_x2!E15*Tinh_toan_x2!E13)+D15*(Tinh_toan_x2!C47+Tinh_toan_x2!E52+Tinh_toan_x2!E53/Tinh_toan_x2!E13^2)*2*Tinh_toan_x2!E13/Tinh_toan_x2!E12*F77 -> -2.0138177 | I77: =H77*D15*E77*2*Tinh_toan_x2!E13/Tinh_toan_x2!E12 -> 187.12779 | J77: =I77^2*B77 -> 2854.5055 | K77: =H77^2*B77 -> 0.3305937
A78: =A15 -> Không tải tăng j- | B78: =B15*0.326072577431273 -> 0.081518144 | C78: 0.66999052 | D78: =B15*C78 -> 0.16749763 | E78: =G15+F15*D78+0.5*E15*D78^2 -> 0.11906652 | F78: =F15+E15*D78 -> 0.022629221 | G78: =D15*C15*(Tinh_toan_x2!E14*Tinh_toan_x2!E17+F78) -> -440.58769 | H78: =G78*Tinh_toan_x2!E12/(2*Tinh_toan_x2!E15*Tinh_toan_x2!E13)+D15*(Tinh_toan_x2!C47+Tinh_toan_x2!E52+Tinh_toan_x2!E53/Tinh_toan_x2!E13^2)*2*Tinh_toan_x2!E13/Tinh_toan_x2!E12*F78 -> -1.2797136 | I78: =H78*D15*E78*2*Tinh_toan_x2!E13/Tinh_toan_x2!E12 -> 121.89683 | J78: =I78^2*B78 -> 1211.2649 | K78: =H78^2*B78 -> 0.13349956
A79: =A15 -> Không tải tăng j- | B79: =B15*0.173927422568727 -> 0.043481856 | C79: 0.93056816 | D79: =B15*C79 -> 0.23264204 | E79: =G15+F15*D79+0.5*E15*D79^2 -> 0.11995868 | F79: =F15+E15*D79 -> 0.0047610407 | G79: =D15*C15*(Tinh_toan_x2!E14*Tinh_toan_x2!E17+F79) -> -436.62095 | H79: =G79*Tinh_toan_x2!E12/(2*Tinh_toan_x2!E15*Tinh_toan_x2!E13)+D15*(Tinh_toan_x2!C47+Tinh_toan_x2!E52+Tinh_toan_x2!E53/Tinh_toan_x2!E13^2)*2*Tinh_toan_x2!E13/Tinh_toan_x2!E12*F79 -> -0.71706133 | I79: =H79*D15*E79*2*Tinh_toan_x2!E13/Tinh_toan_x2!E12 -> 68.814184 | J79: =I79^2*B79 -> 205.90363 | K79: =H79^2*B79 -> 0.022357368
A80: =A16 -> Không tải đều | B80: =B16*0.173927422568727 -> 14.349012 | C80: 0.069431844 | D80: =B16*C80 -> 5.7281271 | E80: =G16+F16*D80+0.5*E16*D80^2 -> 0.12 | F80: =F16+E16*D80 -> 0 | G80: =D16*C16*(Tinh_toan_x2!E14*Tinh_toan_x2!E17+F80) -> -435.564 | H80: =G80*Tinh_toan_x2!E12/(2*Tinh_toan_x2!E15*Tinh_toan_x2!E13)+D16*(Tinh_toan_x2!C47+Tinh_toan_x2!E52+Tinh_toan_x2!E53/Tinh_toan_x2!E13^2)*2*Tinh_toan_x2!E13/Tinh_toan_x2!E12*F80 -> -0.56714063 | I80: =H80*D16*E80*2*Tinh_toan_x2!E13/Tinh_toan_x2!E12 -> 54.4455 | J80: =I80^2*B80 -> 42534.956 | K80: =H80^2*B80 -> 4.6153381
A81: =A16 -> Không tải đều | B81: =B16*0.326072577431273 -> 26.900988 | C81: 0.33000948 | D81: =B16*C81 -> 27.225782 | E81: =G16+F16*D81+0.5*E16*D81^2 -> 0.12 | F81: =F16+E16*D81 -> 0 | G81: =D16*C16*(Tinh_toan_x2!E14*Tinh_toan_x2!E17+F81) -> -435.564 | H81: =G81*Tinh_toan_x2!E12/(2*Tinh_toan_x2!E15*Tinh_toan_x2!E13)+D16*(Tinh_toan_x2!C47+Tinh_toan_x2!E52+Tinh_toan_x2!E53/Tinh_toan_x2!E13^2)*2*Tinh_toan_x2!E13/Tinh_toan_x2!E12*F81 -> -0.56714063 | I81: =H81*D16*E81*2*Tinh_toan_x2!E13/Tinh_toan_x2!E12 -> 54.4455 | J81: =I81^2*B81 -> 79742.933 | K81: =H81^2*B81 -> 8.652662
A82: =A16 -> Không tải đều | B82: =B16*0.326072577431273 -> 26.900988 | C82: 0.66999052 | D82: =B16*C82 -> 55.274218 | E82: =G16+F16*D82+0.5*E16*D82^2 -> 0.12 | F82: =F16+E16*D82 -> 0 | G82: =D16*C16*(Tinh_toan_x2!E14*Tinh_toan_x2!E17+F82) -> -435.564 | H82: =G82*Tinh_toan_x2!E12/(2*Tinh_toan_x2!E15*Tinh_toan_x2!E13)+D16*(Tinh_toan_x2!C47+Tinh_toan_x2!E52+Tinh_toan_x2!E53/Tinh_toan_x2!E13^2)*2*Tinh_toan_x2!E13/Tinh_toan_x2!E12*F82 -> -0.56714063 | I82: =H82*D16*E82*2*Tinh_toan_x2!E13/Tinh_toan_x2!E12 -> 54.4455 | J82: =I82^2*B82 -> 79742.933 | K82: =H82^2*B82 -> 8.652662
A83: =A16 -> Không tải đều | B83: =B16*0.173927422568727 -> 14.349012 | C83: 0.93056816 | D83: =B16*C83 -> 76.771873 | E83: =G16+F16*D83+0.5*E16*D83^2 -> 0.12 | F83: =F16+E16*D83 -> 0 | G83: =D16*C16*(Tinh_toan_x2!E14*Tinh_toan_x2!E17+F83) -> -435.564 | H83: =G83*Tinh_toan_x2!E12/(2*Tinh_toan_x2!E15*Tinh_toan_x2!E13)+D16*(Tinh_toan_x2!C47+Tinh_toan_x2!E52+Tinh_toan_x2!E53/Tinh_toan_x2!E13^2)*2*Tinh_toan_x2!E13/Tinh_toan_x2!E12*F83 -> -0.56714063 | I83: =H83*D16*E83*2*Tinh_toan_x2!E13/Tinh_toan_x2!E12 -> 54.4455 | J83: =I83^2*B83 -> 42534.956 | K83: =H83^2*B83 -> 4.6153381
A84: =A17 -> Không tải giảm j- | B84: =B17*0.173927422568727 -> 0.043481856 | C84: 0.069431844 | D84: =B17*C84 -> 0.017357961 | E84: =G17+F17*D84+0.5*E17*D84^2 -> 0.11998478 | F84: =F17+E17*D84 -> -0.0017540676 | G84: =D17*C17*(Tinh_toan_x2!E14*Tinh_toan_x2!E17+F84) -> -435.1746 | H84: =G84*Tinh_toan_x2!E12/(2*Tinh_toan_x2!E15*Tinh_toan_x2!E13)+D17*(Tinh_toan_x2!C47+Tinh_toan_x2!E52+Tinh_toan_x2!E53/Tinh_toan_x2!E13^2)*2*Tinh_toan_x2!E13/Tinh_toan_x2!E12*F84 -> -0.51190668 | I84: =H84*D17*E84*2*Tinh_toan_x2!E13/Tinh_toan_x2!E12 -> 49.136807 | J84: =I84^2*B84 -> 104.98371 | K84: =H84^2*B84 -> 0.011394353
A85: =A17 -> Không tải giảm j- | B85: =B17*0.326072577431273 -> 0.081518144 | C85: 0.33000948 | D85: =B17*C85 -> 0.08250237 | E85: =G17+F17*D85+0.5*E17*D85^2 -> 0.11965609 | F85: =F17+E17*D85 -> -0.0083370816 | G85: =D17*C17*(Tinh_toan_x2!E14*Tinh_toan_x2!E17+F85) -> -433.71317 | H85: =G85*Tinh_toan_x2!E12/(2*Tinh_toan_x2!E15*Tinh_toan_x2!E13)+D17*(Tinh_toan_x2!C47+Tinh_toan_x2!E52+Tinh_toan_x2!E53/Tinh_toan_x2!E13^2)*2*Tinh_toan_x2!E13/Tinh_toan_x2!E12*F85 -> -0.30461374 | I85: =H85*D17*E85*2*Tinh_toan_x2!E13/Tinh_toan_x2!E12 -> 29.15911 | J85: =I85^2*B85 -> 69.311106 | K85: =H85^2*B85 -> 0.0075640305
A86: =A17 -> Không tải giảm j- | B86: =B17*0.326072577431273 -> 0.081518144 | C86: 0.66999052 | D86: =B17*C86 -> 0.16749763 | E86: =G17+F17*D86+0.5*E17*D86^2 -> 0.11858246 | F86: =F17+E17*D86 -> -0.016926076 | G86: =D17*C17*(Tinh_toan_x2!E14*Tinh_toan_x2!E17+F86) -> -431.80641 | H86: =G86*Tinh_toan_x2!E12/(2*Tinh_toan_x2!E15*Tinh_toan_x2!E13)+D17*(Tinh_toan_x2!C47+Tinh_toan_x2!E52+Tinh_toan_x2!E53/Tinh_toan_x2!E13^2)*2*Tinh_toan_x2!E13/Tinh_toan_x2!E12*F86 -> -0.034154349 | I86: =H86*D17*E86*2*Tinh_toan_x2!E13/Tinh_toan_x2!E12 -> 3.2400854 | J86: =I86^2*B86 -> 0.85579 | K86: =H86^2*B86 -> 9.5092511e-05
A87: =A17 -> Không tải giảm j- | B87: =B17*0.173927422568727 -> 0.043481856 | C87: 0.93056816 | D87: =B17*C87 -> 0.23264204 | E87: =G17+F17*D87+0.5*E17*D87^2 -> 0.1172654 | F87: =F17+E17*D87 -> -0.02350909 | G87: =D17*C17*(Tinh_toan_x2!E14*Tinh_toan_x2!E17+F87) -> -430.34498 | H87: =G87*Tinh_toan_x2!E12/(2*Tinh_toan_x2!E15*Tinh_toan_x2!E13)+D17*(Tinh_toan_x2!C47+Tinh_toan_x2!E52+Tinh_toan_x2!E53/Tinh_toan_x2!E13^2)*2*Tinh_toan_x2!E13/Tinh_toan_x2!E12*F87 -> 0.17313859 | I87: =H87*D17*E87*2*Tinh_toan_x2!E13/Tinh_toan_x2!E12 -> -16.242532 | J87: =I87^2*B87 -> 11.471377 | K87: =H87^2*B87 -> 0.0013034543
A88: =A18 -> Không tải giảm a | B88: =B18*0.173927422568727 -> 0.7826734 | C88: 0.069431844 | D88: =B18*C88 -> 0.3124433 | E88: =G18+F18*D88+0.5*E18*D88^2 -> 0.1089488 | F88: =F18+E18*D88 -> -0.025263158 | G88: =D18*C18*(Tinh_toan_x2!E14*Tinh_toan_x2!E17+F88) -> -429.95558 | H88: =G88*Tinh_toan_x2!E12/(2*Tinh_toan_x2!E15*Tinh_toan_x2!E13)+D18*(Tinh_toan_x2!C47+Tinh_toan_x2!E52+Tinh_toan_x2!E53/Tinh_toan_x2!E13^2)*2*Tinh_toan_x2!E13/Tinh_toan_x2!E12*F88 -> 0.22837253 | I88: =H88*D18*E88*2*Tinh_toan_x2!E13/Tinh_toan_x2!E12 -> -19.904731 | J88: =I88^2*B88 -> 310.09388 | K88: =H88^2*B88 -> 0.040819559
A89: =A18 -> Không tải giảm a | B89: =B18*0.326072577431273 -> 1.4673266 | C89: 0.33000948 | D89: =B18*C89 -> 1.4850427 | E89: =G18+F18*D89+0.5*E18*D89^2 -> 0.079325238 | F89: =F18+E18*D89 -> -0.025263158 | G89: =D18*C18*(Tinh_toan_x2!E14*Tinh_toan_x2!E17+F89) -> -429.95558 | H89: =G89*Tinh_toan_x2!E12/(2*Tinh_toan_x2!E15*Tinh_toan_x2!E13)+D18*(Tinh_toan_x2!C47+Tinh_toan_x2!E52+Tinh_toan_x2!E53/Tinh_toan_x2!E13^2)*2*Tinh_toan_x2!E13/Tinh_toan_x2!E12*F89 -> 0.22837253 | I89: =H89*D18*E89*2*Tinh_toan_x2!E13/Tinh_toan_x2!E12 -> -14.492564 | J89: =I89^2*B89 -> 308.1891 | K89: =H89^2*B89 -> 0.076526972
A90: =A18 -> Không tải giảm a | B90: =B18*0.326072577431273 -> 1.4673266 | C90: 0.66999052 | D90: =B18*C90 -> 3.0149573 | E90: =G18+F18*D90+0.5*E18*D90^2 -> 0.040674762 | F90: =F18+E18*D90 -> -0.025263158 | G90: =D18*C18*(Tinh_toan_x2!E14*Tinh_toan_x2!E17+F90) -> -429.95558 | H90: =G90*Tinh_toan_x2!E12/(2*Tinh_toan_x2!E15*Tinh_toan_x2!E13)+D18*(Tinh_toan_x2!C47+Tinh_toan_x2!E52+Tinh_toan_x2!E53/Tinh_toan_x2!E13^2)*2*Tinh_toan_x2!E13/Tinh_toan_x2!E12*F90 -> 0.22837253 | I90: =H90*D18*E90*2*Tinh_toan_x2!E13/Tinh_toan_x2!E12 -> -7.4311987 | J90: =I90^2*B90 -> 81.029757 | K90: =H90^2*B90 -> 0.076526972
A91: =A18 -> Không tải giảm a | B91: =B18*0.173927422568727 -> 0.7826734 | C91: 0.93056816 | D91: =B18*C91 -> 4.1875567 | E91: =G18+F18*D91+0.5*E18*D91^2 -> 0.011051199 | F91: =F18+E18*D91 -> -0.025263158 | G91: =D18*C18*(Tinh_toan_x2!E14*Tinh_toan_x2!E17+F91) -> -429.95558 | H91: =G91*Tinh_toan_x2!E12/(2*Tinh_toan_x2!E15*Tinh_toan_x2!E13)+D18*(Tinh_toan_x2!C47+Tinh_toan_x2!E52+Tinh_toan_x2!E53/Tinh_toan_x2!E13^2)*2*Tinh_toan_x2!E13/Tinh_toan_x2!E12*F91 -> 0.22837253 | I91: =H91*D18*E91*2*Tinh_toan_x2!E13/Tinh_toan_x2!E12 -> -2.0190323 | J91: =I91^2*B91 -> 3.1905613 | K91: =H91^2*B91 -> 0.040819559
A92: =A19 -> Không tải giảm j+ | B92: =B19*0.173927422568727 -> 0.043481856 | C92: 0.069431844 | D92: =B19*C92 -> 0.017357961 | E92: =G19+F19*D92+0.5*E19*D92^2 -> 0.0027346013 | F92: =F19+E19*D92 -> -0.02350909 | G92: =D19*C19*(Tinh_toan_x2!E14*Tinh_toan_x2!E17+F92) -> -430.34498 | H92: =G92*Tinh_toan_x2!E12/(2*Tinh_toan_x2!E15*Tinh_toan_x2!E13)+D19*(Tinh_toan_x2!C47+Tinh_toan_x2!E52+Tinh_toan_x2!E53/Tinh_toan_x2!E13^2)*2*Tinh_toan_x2!E13/Tinh_toan_x2!E12*F92 -> 0.17313859 | I92: =H92*D19*E92*2*Tinh_toan_x2!E13/Tinh_toan_x2!E12 -> -0.37877201 | J92: =I92^2*B92 -> 0.0062382651 | K92: =H92^2*B92 -> 0.0013034543
A93: =A19 -> Không tải giảm j+ | B93: =B19*0.326072577431273 -> 0.081518144 | C93: 0.33000948 | D93: =B19*C93 -> 0.08250237 | E93: =G19+F19*D93+0.5*E19*D93^2 -> 0.0014175388 | F93: =F19+E19*D93 -> -0.016926076 | G93: =D19*C19*(Tinh_toan_x2!E14*Tinh_toan_x2!E17+F93) -> -431.80641 | H93: =G93*Tinh_toan_x2!E12/(2*Tinh_toan_x2!E15*Tinh_toan_x2!E13)+D19*(Tinh_toan_x2!C47+Tinh_toan_x2!E52+Tinh_toan_x2!E53/Tinh_toan_x2!E13^2)*2*Tinh_toan_x2!E13/Tinh_toan_x2!E12*F93 -> -0.034154349 | I93: =H93*D19*E93*2*Tinh_toan_x2!E13/Tinh_toan_x2!E12 -> 0.038732093 | J93: =I93^2*B93 -> 0.00012229149 | K93: =H93^2*B93 -> 9.5092511e-05
A94: =A19 -> Không tải giảm j+ | B94: =B19*0.326072577431273 -> 0.081518144 | C94: 0.66999052 | D94: =B19*C94 -> 0.16749763 | E94: =G19+F19*D94+0.5*E19*D94^2 -> 0.00034391449 | F94: =F19+E19*D94 -> -0.0083370816 | G94: =D19*C19*(Tinh_toan_x2!E14*Tinh_toan_x2!E17+F94) -> -433.71317 | H94: =G94*Tinh_toan_x2!E12/(2*Tinh_toan_x2!E15*Tinh_toan_x2!E13)+D19*(Tinh_toan_x2!C47+Tinh_toan_x2!E52+Tinh_toan_x2!E53/Tinh_toan_x2!E13^2)*2*Tinh_toan_x2!E13/Tinh_toan_x2!E12*F94 -> -0.30461374 | I94: =H94*D19*E94*2*Tinh_toan_x2!E13/Tinh_toan_x2!E12 -> 0.083808864 | J94: =I94^2*B94 -> 0.00057257739 | K94: =H94^2*B94 -> 0.0075640305
A95: =A19 -> Không tải giảm j+ | B95: =B19*0.173927422568727 -> 0.043481856 | C95: 0.93056816 | D95: =B19*C95 -> 0.23264204 | E95: =G19+F19*D95+0.5*E19*D95^2 -> 1.5223519e-05 | F95: =F19+E19*D95 -> -0.0017540676 | G95: =D19*C19*(Tinh_toan_x2!E14*Tinh_toan_x2!E17+F95) -> -435.1746 | H95: =G95*Tinh_toan_x2!E12/(2*Tinh_toan_x2!E15*Tinh_toan_x2!E13)+D19*(Tinh_toan_x2!C47+Tinh_toan_x2!E52+Tinh_toan_x2!E53/Tinh_toan_x2!E13^2)*2*Tinh_toan_x2!E13/Tinh_toan_x2!E12*F95 -> -0.51190668 | I95: =H95*D19*E95*2*Tinh_toan_x2!E13/Tinh_toan_x2!E12 -> 0.0062344168 | J95: =I95^2*B95 -> 1.6900507e-06 | K95: =H95^2*B95 -> 0.011394353

Sheet Do_thi
A1: ĐỒ THỊ ĐỦ HAI LƯỢT CÓ TẢI VÀ KHÔNG TẢI
A4: t (s) | B4: v (m/s) | C4: F (N) | D4: P motor (W) | E4: M motor (N·m) | F4: a (m/s²) | G4: j (m/s³) | H4: Pha
A5: =Chu_ky!H5+(Chu_ky!B5*0/10) -> 0 | B5: =Chu_ky!D5*(Chu_ky!G5+Chu_ky!F5*(Chu_ky!B5*0/10)+0.5*Chu_ky!E5*(Chu_ky!B5*0/10)^2) -> 0 | C5: =Chu_ky!C5*(Chu_ky!D5*Tinh_toan_x2!E14*Tinh_toan_x2!E17+F5) -> 24415.128 | D5: =E5*B5*2*Tinh_toan_x2!E13/Tinh_toan_x2!E12 -> 0 | E5: =C5*Tinh_toan_x2!E12/(2*Tinh_toan_x2!E15*Tinh_toan_x2!E13)+(Tinh_toan_x2!C47+Tinh_toan_x2!E52+Tinh_toan_x2!E53/Tinh_toan_x2!E13^2)*2*Tinh_toan_x2!E13/Tinh_toan_x2!E12*F5 -> 31.790531 | F5: =Chu_ky!D5*(Chu_ky!F5+Chu_ky!E5*(Chu_ky!B5*0/10)) -> 0 | G5: =Chu_ky!D5*Chu_ky!E5 -> 0.27428571 | H5: =Chu_ky!A5 -> Có tải tăng j+
A6: =Chu_ky!H5+(Chu_ky!B5*1/10) -> 0.025 | B6: =Chu_ky!D5*(Chu_ky!G5+Chu_ky!F5*(Chu_ky!B5*1/10)+0.5*Chu_ky!E5*(Chu_ky!B5*1/10)^2) -> 8.5714286e-05 | C6: =Chu_ky!C5*(Chu_ky!D5*Tinh_toan_x2!E14*Tinh_toan_x2!E17+F6) -> 24500.458 | D6: =E6*B6*2*Tinh_toan_x2!E13/Tinh_toan_x2!E12 -> 2.2022113 | E6: =C6*Tinh_toan_x2!E12/(2*Tinh_toan_x2!E15*Tinh_toan_x2!E13)+(Tinh_toan_x2!C47+Tinh_toan_x2!E52+Tinh_toan_x2!E53/Tinh_toan_x2!E13^2)*2*Tinh_toan_x2!E13/Tinh_toan_x2!E12*F6 -> 32.115581 | F6: =Chu_ky!D5*(Chu_ky!F5+Chu_ky!E5*(Chu_ky!B5*1/10)) -> 0.0068571429 | G6: =Chu_ky!D5*Chu_ky!E5 -> 0.27428571 | H6: =Chu_ky!A5 -> Có tải tăng j+
A7: =Chu_ky!H5+(Chu_ky!B5*2/10) -> 0.05 | B7: =Chu_ky!D5*(Chu_ky!G5+Chu_ky!F5*(Chu_ky!B5*2/10)+0.5*Chu_ky!E5*(Chu_ky!B5*2/10)^2) -> 0.00034285714 | C7: =Chu_ky!C5*(Chu_ky!D5*Tinh_toan_x2!E14*Tinh_toan_x2!E17+F7) -> 24585.789 | D7: =E7*B7*2*Tinh_toan_x2!E13/Tinh_toan_x2!E12 -> 8.8980017 | E7: =C7*Tinh_toan_x2!E12/(2*Tinh_toan_x2!E15*Tinh_toan_x2!E13)+(Tinh_toan_x2!C47+Tinh_toan_x2!E52+Tinh_toan_x2!E53/Tinh_toan_x2!E13^2)*2*Tinh_toan_x2!E13/Tinh_toan_x2!E12*F7 -> 32.440631 | F7: =Chu_ky!D5*(Chu_ky!F5+Chu_ky!E5*(Chu_ky!B5*2/10)) -> 0.013714286 | G7: =Chu_ky!D5*Chu_ky!E5 -> 0.27428571 | H7: =Chu_ky!A5 -> Có tải tăng j+
A8: =Chu_ky!H5+(Chu_ky!B5*3/10) -> 0.075 | B8: =Chu_ky!D5*(Chu_ky!G5+Chu_ky!F5*(Chu_ky!B5*3/10)+0.5*Chu_ky!E5*(Chu_ky!B5*3/10)^2) -> 0.00077142857 | C8: =Chu_ky!C5*(Chu_ky!D5*Tinh_toan_x2!E14*Tinh_toan_x2!E17+F8) -> 24671.119 | D8: =E8*B8*2*Tinh_toan_x2!E13/Tinh_toan_x2!E12 -> 20.221106 | E8: =C8*Tinh_toan_x2!E12/(2*Tinh_toan_x2!E15*Tinh_toan_x2!E13)+(Tinh_toan_x2!C47+Tinh_toan_x2!E52+Tinh_toan_x2!E53/Tinh_toan_x2!E13^2)*2*Tinh_toan_x2!E13/Tinh_toan_x2!E12*F8 -> 32.765681 | F8: =Chu_ky!D5*(Chu_ky!F5+Chu_ky!E5*(Chu_ky!B5*3/10)) -> 0.020571429 | G8: =Chu_ky!D5*Chu_ky!E5 -> 0.27428571 | H8: =Chu_ky!A5 -> Có tải tăng j+
A9: =Chu_ky!H5+(Chu_ky!B5*4/10) -> 0.1 | B9: =Chu_ky!D5*(Chu_ky!G5+Chu_ky!F5*(Chu_ky!B5*4/10)+0.5*Chu_ky!E5*(Chu_ky!B5*4/10)^2) -> 0.0013714286 | C9: =Chu_ky!C5*(Chu_ky!D5*Tinh_toan_x2!E14*Tinh_toan_x2!E17+F9) -> 24756.449 | D9: =E9*B9*2*Tinh_toan_x2!E13/Tinh_toan_x2!E12 -> 36.305259 | E9: =C9*Tinh_toan_x2!E12/(2*Tinh_toan_x2!E15*Tinh_toan_x2!E13)+(Tinh_toan_x2!C47+Tinh_toan_x2!E52+Tinh_toan_x2!E53/Tinh_toan_x2!E13^2)*2*Tinh_toan_x2!E13/Tinh_toan_x2!E12*F9 -> 33.090731 | F9: =Chu_ky!D5*(Chu_ky!F5+Chu_ky!E5*(Chu_ky!B5*4/10)) -> 0.027428571 | G9: =Chu_ky!D5*Chu_ky!E5 -> 0.27428571 | H9: =Chu_ky!A5 -> Có tải tăng j+
A10: =Chu_ky!H5+(Chu_ky!B5*5/10) -> 0.125 | B10: =Chu_ky!D5*(Chu_ky!G5+Chu_ky!F5*(Chu_ky!B5*5/10)+0.5*Chu_ky!E5*(Chu_ky!B5*5/10)^2) -> 0.0021428571 | C10: =Chu_ky!C5*(Chu_ky!D5*Tinh_toan_x2!E14*Tinh_toan_x2!E17+F10) -> 24841.779 | D10: =E10*B10*2*Tinh_toan_x2!E13/Tinh_toan_x2!E12 -> 57.284196 | E10: =C10*Tinh_toan_x2!E12/(2*Tinh_toan_x2!E15*Tinh_toan_x2!E13)+(Tinh_toan_x2!C47+Tinh_toan_x2!E52+Tinh_toan_x2!E53/Tinh_toan_x2!E13^2)*2*Tinh_toan_x2!E13/Tinh_toan_x2!E12*F10 -> 33.415781 | F10: =Chu_ky!D5*(Chu_ky!F5+Chu_ky!E5*(Chu_ky!B5*5/10)) -> 0.034285714 | G10: =Chu_ky!D5*Chu_ky!E5 -> 0.27428571 | H10: =Chu_ky!A5 -> Có tải tăng j+
A11: =Chu_ky!H5+(Chu_ky!B5*6/10) -> 0.15 | B11: =Chu_ky!D5*(Chu_ky!G5+Chu_ky!F5*(Chu_ky!B5*6/10)+0.5*Chu_ky!E5*(Chu_ky!B5*6/10)^2) -> 0.0030857143 | C11: =Chu_ky!C5*(Chu_ky!D5*Tinh_toan_x2!E14*Tinh_toan_x2!E17+F11) -> 24927.11 | D11: =E11*B11*2*Tinh_toan_x2!E13/Tinh_toan_x2!E12 -> 83.291652 | E11: =C11*Tinh_toan_x2!E12/(2*Tinh_toan_x2!E15*Tinh_toan_x2!E13)+(Tinh_toan_x2!C47+Tinh_toan_x2!E52+Tinh_toan_x2!E53/Tinh_toan_x2!E13^2)*2*Tinh_toan_x2!E13/Tinh_toan_x2!E12*F11 -> 33.740831 | F11: =Chu_ky!D5*(Chu_ky!F5+Chu_ky!E5*(Chu_ky!B5*6/10)) -> 0.041142857 | G11: =Chu_ky!D5*Chu_ky!E5 -> 0.27428571 | H11: =Chu_ky!A5 -> Có tải tăng j+
A12: =Chu_ky!H5+(Chu_ky!B5*7/10) -> 0.175 | B12: =Chu_ky!D5*(Chu_ky!G5+Chu_ky!F5*(Chu_ky!B5*7/10)+0.5*Chu_ky!E5*(Chu_ky!B5*7/10)^2) -> 0.0042 | C12: =Chu_ky!C5*(Chu_ky!D5*Tinh_toan_x2!E14*Tinh_toan_x2!E17+F12) -> 25012.44 | D12: =E12*B12*2*Tinh_toan_x2!E13/Tinh_toan_x2!E12 -> 114.46136 | E12: =C12*Tinh_toan_x2!E12/(2*Tinh_toan_x2!E15*Tinh_toan_x2!E13)+(Tinh_toan_x2!C47+Tinh_toan_x2!E52+Tinh_toan_x2!E53/Tinh_toan_x2!E13^2)*2*Tinh_toan_x2!E13/Tinh_toan_x2!E12*F12 -> 34.065881 | F12: =Chu_ky!D5*(Chu_ky!F5+Chu_ky!E5*(Chu_ky!B5*7/10)) -> 0.048 | G12: =Chu_ky!D5*Chu_ky!E5 -> 0.27428571 | H12: =Chu_ky!A5 -> Có tải tăng j+
A13: =Chu_ky!H5+(Chu_ky!B5*8/10) -> 0.2 | B13: =Chu_ky!D5*(Chu_ky!G5+Chu_ky!F5*(Chu_ky!B5*8/10)+0.5*Chu_ky!E5*(Chu_ky!B5*8/10)^2) -> 0.0054857143 | C13: =Chu_ky!C5*(Chu_ky!D5*Tinh_toan_x2!E14*Tinh_toan_x2!E17+F13) -> 25097.77 | D13: =E13*B13*2*Tinh_toan_x2!E13/Tinh_toan_x2!E12 -> 150.92706 | E13: =C13*Tinh_toan_x2!E12/(2*Tinh_toan_x2!E15*Tinh_toan_x2!E13)+(Tinh_toan_x2!C47+Tinh_toan_x2!E52+Tinh_toan_x2!E53/Tinh_toan_x2!E13^2)*2*Tinh_toan_x2!E13/Tinh_toan_x2!E12*F13 -> 34.390931 | F13: =Chu_ky!D5*(Chu_ky!F5+Chu_ky!E5*(Chu_ky!B5*8/10)) -> 0.054857143 | G13: =Chu_ky!D5*Chu_ky!E5 -> 0.27428571 | H13: =Chu_ky!A5 -> Có tải tăng j+
A14: =Chu_ky!H5+(Chu_ky!B5*9/10) -> 0.225 | B14: =Chu_ky!D5*(Chu_ky!G5+Chu_ky!F5*(Chu_ky!B5*9/10)+0.5*Chu_ky!E5*(Chu_ky!B5*9/10)^2) -> 0.0069428571 | C14: =Chu_ky!C5*(Chu_ky!D5*Tinh_toan_x2!E14*Tinh_toan_x2!E17+F14) -> 25183.101 | D14: =E14*B14*2*Tinh_toan_x2!E13/Tinh_toan_x2!E12 -> 192.82248 | E14: =C14*Tinh_toan_x2!E12/(2*Tinh_toan_x2!E15*Tinh_toan_x2!E13)+(Tinh_toan_x2!C47+Tinh_toan_x2!E52+Tinh_toan_x2!E53/Tinh_toan_x2!E13^2)*2*Tinh_toan_x2!E13/Tinh_toan_x2!E12*F14 -> 34.715981 | F14: =Chu_ky!D5*(Chu_ky!F5+Chu_ky!E5*(Chu_ky!B5*9/10)) -> 0.061714286 | G14: =Chu_ky!D5*Chu_ky!E5 -> 0.27428571 | H14: =Chu_ky!A5 -> Có tải tăng j+
A15: =Chu_ky!H5+(Chu_ky!B5*10/10) -> 0.25 | B15: =Chu_ky!D5*(Chu_ky!G5+Chu_ky!F5*(Chu_ky!B5*10/10)+0.5*Chu_ky!E5*(Chu_ky!B5*10/10)^2) -> 0.0085714286 | C15: =Chu_ky!C5*(Chu_ky!D5*Tinh_toan_x2!E14*Tinh_toan_x2!E17+F15) -> 25268.431 | D15: =E15*B15*2*Tinh_toan_x2!E13/Tinh_toan_x2!E12 -> 240.28136 | E15: =C15*Tinh_toan_x2!E12/(2*Tinh_toan_x2!E15*Tinh_toan_x2!E13)+(Tinh_toan_x2!C47+Tinh_toan_x2!E52+Tinh_toan_x2!E53/Tinh_toan_x2!E13^2)*2*Tinh_toan_x2!E13/Tinh_toan_x2!E12*F15 -> 35.041031 | F15: =Chu_ky!D5*(Chu_ky!F5+Chu_ky!E5*(Chu_ky!B5*10/10)) -> 0.068571429 | G15: =Chu_ky!D5*Chu_ky!E5 -> 0.27428571 | H15: =Chu_ky!A5 -> Có tải tăng j+
A16: =Chu_ky!H6+(Chu_ky!B6*0/10) -> 0.25 | B16: =Chu_ky!D6*(Chu_ky!G6+Chu_ky!F6*(Chu_ky!B6*0/10)+0.5*Chu_ky!E6*(Chu_ky!B6*0/10)^2) -> 0.0085714286 | C16: =Chu_ky!C6*(Chu_ky!D6*Tinh_toan_x2!E14*Tinh_toan_x2!E17+F16) -> 25268.431 | D16: =E16*B16*2*Tinh_toan_x2!E13/Tinh_toan_x2!E12 -> 240.28136 | E16: =C16*Tinh_toan_x2!E12/(2*Tinh_toan_x2!E15*Tinh_toan_x2!E13)+(Tinh_toan_x2!C47+Tinh_toan_x2!E52+Tinh_toan_x2!E53/Tinh_toan_x2!E13^2)*2*Tinh_toan_x2!E13/Tinh_toan_x2!E12*F16 -> 35.041031 | F16: =Chu_ky!D6*(Chu_ky!F6+Chu_ky!E6*(Chu_ky!B6*0/10)) -> 0.068571429 | G16: =Chu_ky!D6*Chu_ky!E6 -> 0 | H16: =Chu_ky!A6 -> Có tải tăng a
A17: =Chu_ky!H6+(Chu_ky!B6*1/10) -> 0.4 | B17: =Chu_ky!D6*(Chu_ky!G6+Chu_ky!F6*(Chu_ky!B6*1/10)+0.5*Chu_ky!E6*(Chu_ky!B6*1/10)^2) -> 0.018857143 | C17: =Chu_ky!C6*(Chu_ky!D6*Tinh_toan_x2!E14*Tinh_toan_x2!E17+F17) -> 25268.431 | D17: =E17*B17*2*Tinh_toan_x2!E13/Tinh_toan_x2!E12 -> 528.61899 | E17: =C17*Tinh_toan_x2!E12/(2*Tinh_toan_x2!E15*Tinh_toan_x2!E13)+(Tinh_toan_x2!C47+Tinh_toan_x2!E52+Tinh_toan_x2!E53/Tinh_toan_x2!E13^2)*2*Tinh_toan_x2!E13/Tinh_toan_x2!E12*F17 -> 35.041031 | F17: =Chu_ky!D6*(Chu_ky!F6+Chu_ky!E6*(Chu_ky!B6*1/10)) -> 0.068571429 | G17: =Chu_ky!D6*Chu_ky!E6 -> 0 | H17: =Chu_ky!A6 -> Có tải tăng a
A18: =Chu_ky!H6+(Chu_ky!B6*2/10) -> 0.55 | B18: =Chu_ky!D6*(Chu_ky!G6+Chu_ky!F6*(Chu_ky!B6*2/10)+0.5*Chu_ky!E6*(Chu_ky!B6*2/10)^2) -> 0.029142857 | C18: =Chu_ky!C6*(Chu_ky!D6*Tinh_toan_x2!E14*Tinh_toan_x2!E17+F18) -> 25268.431 | D18: =E18*B18*2*Tinh_toan_x2!E13/Tinh_toan_x2!E12 -> 816.95661 | E18: =C18*Tinh_toan_x2!E12/(2*Tinh_toan_x2!E15*Tinh_toan_x2!E13)+(Tinh_toan_x2!C47+Tinh_toan_x2!E52+Tinh_toan_x2!E53/Tinh_toan_x2!E13^2)*2*Tinh_toan_x2!E13/Tinh_toan_x2!E12*F18 -> 35.041031 | F18: =Chu_ky!D6*(Chu_ky!F6+Chu_ky!E6*(Chu_ky!B6*2/10)) -> 0.068571429 | G18: =Chu_ky!D6*Chu_ky!E6 -> 0 | H18: =Chu_ky!A6 -> Có tải tăng a
A19: =Chu_ky!H6+(Chu_ky!B6*3/10) -> 0.7 | B19: =Chu_ky!D6*(Chu_ky!G6+Chu_ky!F6*(Chu_ky!B6*3/10)+0.5*Chu_ky!E6*(Chu_ky!B6*3/10)^2) -> 0.039428571 | C19: =Chu_ky!C6*(Chu_ky!D6*Tinh_toan_x2!E14*Tinh_toan_x2!E17+F19) -> 25268.431 | D19: =E19*B19*2*Tinh_toan_x2!E13/Tinh_toan_x2!E12 -> 1105.2942 | E19: =C19*Tinh_toan_x2!E12/(2*Tinh_toan_x2!E15*Tinh_toan_x2!E13)+(Tinh_toan_x2!C47+Tinh_toan_x2!E52+Tinh_toan_x2!E53/Tinh_toan_x2!E13^2)*2*Tinh_toan_x2!E13/Tinh_toan_x2!E12*F19 -> 35.041031 | F19: =Chu_ky!D6*(Chu_ky!F6+Chu_ky!E6*(Chu_ky!B6*3/10)) -> 0.068571429 | G19: =Chu_ky!D6*Chu_ky!E6 -> 0 | H19: =Chu_ky!A6 -> Có tải tăng a
A20: =Chu_ky!H6+(Chu_ky!B6*4/10) -> 0.85 | B20: =Chu_ky!D6*(Chu_ky!G6+Chu_ky!F6*(Chu_ky!B6*4/10)+0.5*Chu_ky!E6*(Chu_ky!B6*4/10)^2) -> 0.049714286 | C20: =Chu_ky!C6*(Chu_ky!D6*Tinh_toan_x2!E14*Tinh_toan_x2!E17+F20) -> 25268.431 | D20: =E20*B20*2*Tinh_toan_x2!E13/Tinh_toan_x2!E12 -> 1393.6319 | E20: =C20*Tinh_toan_x2!E12/(2*Tinh_toan_x2!E15*Tinh_toan_x2!E13)+(Tinh_toan_x2!C47+Tinh_toan_x2!E52+Tinh_toan_x2!E53/Tinh_toan_x2!E13^2)*2*Tinh_toan_x2!E13/Tinh_toan_x2!E12*F20 -> 35.041031 | F20: =Chu_ky!D6*(Chu_ky!F6+Chu_ky!E6*(Chu_ky!B6*4/10)) -> 0.068571429 | G20: =Chu_ky!D6*Chu_ky!E6 -> 0 | H20: =Chu_ky!A6 -> Có tải tăng a
A21: =Chu_ky!H6+(Chu_ky!B6*5/10) -> 1 | B21: =Chu_ky!D6*(Chu_ky!G6+Chu_ky!F6*(Chu_ky!B6*5/10)+0.5*Chu_ky!E6*(Chu_ky!B6*5/10)^2) -> 0.06 | C21: =Chu_ky!C6*(Chu_ky!D6*Tinh_toan_x2!E14*Tinh_toan_x2!E17+F21) -> 25268.431 | D21: =E21*B21*2*Tinh_toan_x2!E13/Tinh_toan_x2!E12 -> 1681.9695 | E21: =C21*Tinh_toan_x2!E12/(2*Tinh_toan_x2!E15*Tinh_toan_x2!E13)+(Tinh_toan_x2!C47+Tinh_toan_x2!E52+Tinh_toan_x2!E53/Tinh_toan_x2!E13^2)*2*Tinh_toan_x2!E13/Tinh_toan_x2!E12*F21 -> 35.041031 | F21: =Chu_ky!D6*(Chu_ky!F6+Chu_ky!E6*(Chu_ky!B6*5/10)) -> 0.068571429 | G21: =Chu_ky!D6*Chu_ky!E6 -> 0 | H21: =Chu_ky!A6 -> Có tải tăng a
A22: =Chu_ky!H6+(Chu_ky!B6*6/10) -> 1.15 | B22: =Chu_ky!D6*(Chu_ky!G6+Chu_ky!F6*(Chu_ky!B6*6/10)+0.5*Chu_ky!E6*(Chu_ky!B6*6/10)^2) -> 0.070285714 | C22: =Chu_ky!C6*(Chu_ky!D6*Tinh_toan_x2!E14*Tinh_toan_x2!E17+F22) -> 25268.431 | D22: =E22*B22*2*Tinh_toan_x2!E13/Tinh_toan_x2!E12 -> 1970.3071 | E22: =C22*Tinh_toan_x2!E12/(2*Tinh_toan_x2!E15*Tinh_toan_x2!E13)+(Tinh_toan_x2!C47+Tinh_toan_x2!E52+Tinh_toan_x2!E53/Tinh_toan_x2!E13^2)*2*Tinh_toan_x2!E13/Tinh_toan_x2!E12*F22 -> 35.041031 | F22: =Chu_ky!D6*(Chu_ky!F6+Chu_ky!E6*(Chu_ky!B6*6/10)) -> 0.068571429 | G22: =Chu_ky!D6*Chu_ky!E6 -> 0 | H22: =Chu_ky!A6 -> Có tải tăng a
A23: =Chu_ky!H6+(Chu_ky!B6*7/10) -> 1.3 | B23: =Chu_ky!D6*(Chu_ky!G6+Chu_ky!F6*(Chu_ky!B6*7/10)+0.5*Chu_ky!E6*(Chu_ky!B6*7/10)^2) -> 0.080571429 | C23: =Chu_ky!C6*(Chu_ky!D6*Tinh_toan_x2!E14*Tinh_toan_x2!E17+F23) -> 25268.431 | D23: =E23*B23*2*Tinh_toan_x2!E13/Tinh_toan_x2!E12 -> 2258.6448 | E23: =C23*Tinh_toan_x2!E12/(2*Tinh_toan_x2!E15*Tinh_toan_x2!E13)+(Tinh_toan_x2!C47+Tinh_toan_x2!E52+Tinh_toan_x2!E53/Tinh_toan_x2!E13^2)*2*Tinh_toan_x2!E13/Tinh_toan_x2!E12*F23 -> 35.041031 | F23: =Chu_ky!D6*(Chu_ky!F6+Chu_ky!E6*(Chu_ky!B6*7/10)) -> 0.068571429 | G23: =Chu_ky!D6*Chu_ky!E6 -> 0 | H23: =Chu_ky!A6 -> Có tải tăng a
A24: =Chu_ky!H6+(Chu_ky!B6*8/10) -> 1.45 | B24: =Chu_ky!D6*(Chu_ky!G6+Chu_ky!F6*(Chu_ky!B6*8/10)+0.5*Chu_ky!E6*(Chu_ky!B6*8/10)^2) -> 0.090857143 | C24: =Chu_ky!C6*(Chu_ky!D6*Tinh_toan_x2!E14*Tinh_toan_x2!E17+F24) -> 25268.431 | D24: =E24*B24*2*Tinh_toan_x2!E13/Tinh_toan_x2!E12 -> 2546.9824 | E24: =C24*Tinh_toan_x2!E12/(2*Tinh_toan_x2!E15*Tinh_toan_x2!E13)+(Tinh_toan_x2!C47+Tinh_toan_x2!E52+Tinh_toan_x2!E53/Tinh_toan_x2!E13^2)*2*Tinh_toan_x2!E13/Tinh_toan_x2!E12*F24 -> 35.041031 | F24: =Chu_ky!D6*(Chu_ky!F6+Chu_ky!E6*(Chu_ky!B6*8/10)) -> 0.068571429 | G24: =Chu_ky!D6*Chu_ky!E6 -> 0 | H24: =Chu_ky!A6 -> Có tải tăng a
A25: =Chu_ky!H6+(Chu_ky!B6*9/10) -> 1.6 | B25: =Chu_ky!D6*(Chu_ky!G6+Chu_ky!F6*(Chu_ky!B6*9/10)+0.5*Chu_ky!E6*(Chu_ky!B6*9/10)^2) -> 0.10114286 | C25: =Chu_ky!C6*(Chu_ky!D6*Tinh_toan_x2!E14*Tinh_toan_x2!E17+F25) -> 25268.431 | D25: =E25*B25*2*Tinh_toan_x2!E13/Tinh_toan_x2!E12 -> 2835.32 | E25: =C25*Tinh_toan_x2!E12/(2*Tinh_toan_x2!E15*Tinh_toan_x2!E13)+(Tinh_toan_x2!C47+Tinh_toan_x2!E52+Tinh_toan_x2!E53/Tinh_toan_x2!E13^2)*2*Tinh_toan_x2!E13/Tinh_toan_x2!E12*F25 -> 35.041031 | F25: =Chu_ky!D6*(Chu_ky!F6+Chu_ky!E6*(Chu_ky!B6*9/10)) -> 0.068571429 | G25: =Chu_ky!D6*Chu_ky!E6 -> 0 | H25: =Chu_ky!A6 -> Có tải tăng a
A26: =Chu_ky!H6+(Chu_ky!B6*10/10) -> 1.75 | B26: =Chu_ky!D6*(Chu_ky!G6+Chu_ky!F6*(Chu_ky!B6*10/10)+0.5*Chu_ky!E6*(Chu_ky!B6*10/10)^2) -> 0.11142857 | C26: =Chu_ky!C6*(Chu_ky!D6*Tinh_toan_x2!E14*Tinh_toan_x2!E17+F26) -> 25268.431 | D26: =E26*B26*2*Tinh_toan_x2!E13/Tinh_toan_x2!E12 -> 3123.6576 | E26: =C26*Tinh_toan_x2!E12/(2*Tinh_toan_x2!E15*Tinh_toan_x2!E13)+(Tinh_toan_x2!C47+Tinh_toan_x2!E52+Tinh_toan_x2!E53/Tinh_toan_x2!E13^2)*2*Tinh_toan_x2!E13/Tinh_toan_x2!E12*F26 -> 35.041031 | F26: =Chu_ky!D6*(Chu_ky!F6+Chu_ky!E6*(Chu_ky!B6*10/10)) -> 0.068571429 | G26: =Chu_ky!D6*Chu_ky!E6 -> 0 | H26: =Chu_ky!A6 -> Có tải tăng a
A27: =Chu_ky!H7+(Chu_ky!B7*0/10) -> 1.75 | B27: =Chu_ky!D7*(Chu_ky!G7+Chu_ky!F7*(Chu_ky!B7*0/10)+0.5*Chu_ky!E7*(Chu_ky!B7*0/10)^2) -> 0.11142857 | C27: =Chu_ky!C7*(Chu_ky!D7*Tinh_toan_x2!E14*Tinh_toan_x2!E17+F27) -> 25268.431 | D27: =E27*B27*2*Tinh_toan_x2!E13/Tinh_toan_x2!E12 -> 3123.6576 | E27: =C27*Tinh_toan_x2!E12/(2*Tinh_toan_x2!E15*Tinh_toan_x2!E13)+(Tinh_toan_x2!C47+Tinh_toan_x2!E52+Tinh_toan_x2!E53/Tinh_toan_x2!E13^2)*2*Tinh_toan_x2!E13/Tinh_toan_x2!E12*F27 -> 35.041031 | F27: =Chu_ky!D7*(Chu_ky!F7+Chu_ky!E7*(Chu_ky!B7*0/10)) -> 0.068571429 | G27: =Chu_ky!D7*Chu_ky!E7 -> -0.27428571 | H27: =Chu_ky!A7 -> Có tải tăng j-
A28: =Chu_ky!H7+(Chu_ky!B7*1/10) -> 1.775 | B28: =Chu_ky!D7*(Chu_ky!G7+Chu_ky!F7*(Chu_ky!B7*1/10)+0.5*Chu_ky!E7*(Chu_ky!B7*1/10)^2) -> 0.11305714 | C28: =Chu_ky!C7*(Chu_ky!D7*Tinh_toan_x2!E14*Tinh_toan_x2!E17+F28) -> 25183.101 | D28: =E28*B28*2*Tinh_toan_x2!E13/Tinh_toan_x2!E12 -> 3139.9117 | E28: =C28*Tinh_toan_x2!E12/(2*Tinh_toan_x2!E15*Tinh_toan_x2!E13)+(Tinh_toan_x2!C47+Tinh_toan_x2!E52+Tinh_toan_x2!E53/Tinh_toan_x2!E13^2)*2*Tinh_toan_x2!E13/Tinh_toan_x2!E12*F28 -> 34.715981 | F28: =Chu_ky!D7*(Chu_ky!F7+Chu_ky!E7*(Chu_ky!B7*1/10)) -> 0.061714286 | G28: =Chu_ky!D7*Chu_ky!E7 -> -0.27428571 | H28: =Chu_ky!A7 -> Có tải tăng j-
A29: =Chu_ky!H7+(Chu_ky!B7*2/10) -> 1.8 | B29: =Chu_ky!D7*(Chu_ky!G7+Chu_ky!F7*(Chu_ky!B7*2/10)+0.5*Chu_ky!E7*(Chu_ky!B7*2/10)^2) -> 0.11451429 | C29: =Chu_ky!C7*(Chu_ky!D7*Tinh_toan_x2!E14*Tinh_toan_x2!E17+F29) -> 25097.77 | D29: =E29*B29*2*Tinh_toan_x2!E13/Tinh_toan_x2!E12 -> 3150.6023 | E29: =C29*Tinh_toan_x2!E12/(2*Tinh_toan_x2!E15*Tinh_toan_x2!E13)+(Tinh_toan_x2!C47+Tinh_toan_x2!E52+Tinh_toan_x2!E53/Tinh_toan_x2!E13^2)*2*Tinh_toan_x2!E13/Tinh_toan_x2!E12*F29 -> 34.390931 | F29: =Chu_ky!D7*(Chu_ky!F7+Chu_ky!E7*(Chu_ky!B7*2/10)) -> 0.054857143 | G29: =Chu_ky!D7*Chu_ky!E7 -> -0.27428571 | H29: =Chu_ky!A7 -> Có tải tăng j-
A30: =Chu_ky!H7+(Chu_ky!B7*3/10) -> 1.825 | B30: =Chu_ky!D7*(Chu_ky!G7+Chu_ky!F7*(Chu_ky!B7*3/10)+0.5*Chu_ky!E7*(Chu_ky!B7*3/10)^2) -> 0.1158 | C30: =Chu_ky!C7*(Chu_ky!D7*Tinh_toan_x2!E14*Tinh_toan_x2!E17+F30) -> 25012.44 | D30: =E30*B30*2*Tinh_toan_x2!E13/Tinh_toan_x2!E12 -> 3155.8632 | E30: =C30*Tinh_toan_x2!E12/(2*Tinh_toan_x2!E15*Tinh_toan_x2!E13)+(Tinh_toan_x2!C47+Tinh_toan_x2!E52+Tinh_toan_x2!E53/Tinh_toan_x2!E13^2)*2*Tinh_toan_x2!E13/Tinh_toan_x2!E12*F30 -> 34.065881 | F30: =Chu_ky!D7*(Chu_ky!F7+Chu_ky!E7*(Chu_ky!B7*3/10)) -> 0.048 | G30: =Chu_ky!D7*Chu_ky!E7 -> -0.27428571 | H30: =Chu_ky!A7 -> Có tải tăng j-
A31: =Chu_ky!H7+(Chu_ky!B7*4/10) -> 1.85 | B31: =Chu_ky!D7*(Chu_ky!G7+Chu_ky!F7*(Chu_ky!B7*4/10)+0.5*Chu_ky!E7*(Chu_ky!B7*4/10)^2) -> 0.11691429 | C31: =Chu_ky!C7*(Chu_ky!D7*Tinh_toan_x2!E14*Tinh_toan_x2!E17+F31) -> 24927.11 | D31: =E31*B31*2*Tinh_toan_x2!E13/Tinh_toan_x2!E12 -> 3155.8281 | E31: =C31*Tinh_toan_x2!E12/(2*Tinh_toan_x2!E15*Tinh_toan_x2!E13)+(Tinh_toan_x2!C47+Tinh_toan_x2!E52+Tinh_toan_x2!E53/Tinh_toan_x2!E13^2)*2*Tinh_toan_x2!E13/Tinh_toan_x2!E12*F31 -> 33.740831 | F31: =Chu_ky!D7*(Chu_ky!F7+Chu_ky!E7*(Chu_ky!B7*4/10)) -> 0.041142857 | G31: =Chu_ky!D7*Chu_ky!E7 -> -0.27428571 | H31: =Chu_ky!A7 -> Có tải tăng j-
A32: =Chu_ky!H7+(Chu_ky!B7*5/10) -> 1.875 | B32: =Chu_ky!D7*(Chu_ky!G7+Chu_ky!F7*(Chu_ky!B7*5/10)+0.5*Chu_ky!E7*(Chu_ky!B7*5/10)^2) -> 0.11785714 | C32: =Chu_ky!C7*(Chu_ky!D7*Tinh_toan_x2!E14*Tinh_toan_x2!E17+F32) -> 24841.779 | D32: =E32*B32*2*Tinh_toan_x2!E13/Tinh_toan_x2!E12 -> 3150.6308 | E32: =C32*Tinh_toan_x2!E12/(2*Tinh_toan_x2!E15*Tinh_toan_x2!E13)+(Tinh_toan_x2!C47+Tinh_toan_x2!E52+Tinh_toan_x2!E53/Tinh_toan_x2!E13^2)*2*Tinh_toan_x2!E13/Tinh_toan_x2!E12*F32 -> 33.415781 | F32: =Chu_ky!D7*(Chu_ky!F7+Chu_ky!E7*(Chu_ky!B7*5/10)) -> 0.034285714 | G32: =Chu_ky!D7*Chu_ky!E7 -> -0.27428571 | H32: =Chu_ky!A7 -> Có tải tăng j-
A33: =Chu_ky!H7+(Chu_ky!B7*6/10) -> 1.9 | B33: =Chu_ky!D7*(Chu_ky!G7+Chu_ky!F7*(Chu_ky!B7*6/10)+0.5*Chu_ky!E7*(Chu_ky!B7*6/10)^2) -> 0.11862857 | C33: =Chu_ky!C7*(Chu_ky!D7*Tinh_toan_x2!E14*Tinh_toan_x2!E17+F33) -> 24756.449 | D33: =E33*B33*2*Tinh_toan_x2!E13/Tinh_toan_x2!E12 -> 3140.4049 | E33: =C33*Tinh_toan_x2!E12/(2*Tinh_toan_x2!E15*Tinh_toan_x2!E13)+(Tinh_toan_x2!C47+Tinh_toan_x2!E52+Tinh_toan_x2!E53/Tinh_toan_x2!E13^2)*2*Tinh_toan_x2!E13/Tinh_toan_x2!E12*F33 -> 33.090731 | F33: =Chu_ky!D7*(Chu_ky!F7+Chu_ky!E7*(Chu_ky!B7*6/10)) -> 0.027428571 | G33: =Chu_ky!D7*Chu_ky!E7 -> -0.27428571 | H33: =Chu_ky!A7 -> Có tải tăng j-
A34: =Chu_ky!H7+(Chu_ky!B7*7/10) -> 1.925 | B34: =Chu_ky!D7*(Chu_ky!G7+Chu_ky!F7*(Chu_ky!B7*7/10)+0.5*Chu_ky!E7*(Chu_ky!B7*7/10)^2) -> 0.11922857 | C34: =Chu_ky!C7*(Chu_ky!D7*Tinh_toan_x2!E14*Tinh_toan_x2!E17+F34) -> 24671.119 | D34: =E34*B34*2*Tinh_toan_x2!E13/Tinh_toan_x2!E12 -> 3125.2843 | E34: =C34*Tinh_toan_x2!E12/(2*Tinh_toan_x2!E15*Tinh_toan_x2!E13)+(Tinh_toan_x2!C47+Tinh_toan_x2!E52+Tinh_toan_x2!E53/Tinh_toan_x2!E13^2)*2*Tinh_toan_x2!E13/Tinh_toan_x2!E12*F34 -> 32.765681 | F34: =Chu_ky!D7*(Chu_ky!F7+Chu_ky!E7*(Chu_ky!B7*7/10)) -> 0.020571429 | G34: =Chu_ky!D7*Chu_ky!E7 -> -0.27428571 | H34: =Chu_ky!A7 -> Có tải tăng j-
A35: =Chu_ky!H7+(Chu_ky!B7*8/10) -> 1.95 | B35: =Chu_ky!D7*(Chu_ky!G7+Chu_ky!F7*(Chu_ky!B7*8/10)+0.5*Chu_ky!E7*(Chu_ky!B7*8/10)^2) -> 0.11965714 | C35: =Chu_ky!C7*(Chu_ky!D7*Tinh_toan_x2!E14*Tinh_toan_x2!E17+F35) -> 24585.789 | D35: =E35*B35*2*Tinh_toan_x2!E13/Tinh_toan_x2!E12 -> 3105.4026 | E35: =C35*Tinh_toan_x2!E12/(2*Tinh_toan_x2!E15*Tinh_toan_x2!E13)+(Tinh_toan_x2!C47+Tinh_toan_x2!E52+Tinh_toan_x2!E53/Tinh_toan_x2!E13^2)*2*Tinh_toan_x2!E13/Tinh_toan_x2!E12*F35 -> 32.440631 | F35: =Chu_ky!D7*(Chu_ky!F7+Chu_ky!E7*(Chu_ky!B7*8/10)) -> 0.013714286 | G35: =Chu_ky!D7*Chu_ky!E7 -> -0.27428571 | H35: =Chu_ky!A7 -> Có tải tăng j-
A36: =Chu_ky!H7+(Chu_ky!B7*9/10) -> 1.975 | B36: =Chu_ky!D7*(Chu_ky!G7+Chu_ky!F7*(Chu_ky!B7*9/10)+0.5*Chu_ky!E7*(Chu_ky!B7*9/10)^2) -> 0.11991429 | C36: =Chu_ky!C7*(Chu_ky!D7*Tinh_toan_x2!E14*Tinh_toan_x2!E17+F36) -> 24500.458 | D36: =E36*B36*2*Tinh_toan_x2!E13/Tinh_toan_x2!E12 -> 3080.8936 | E36: =C36*Tinh_toan_x2!E12/(2*Tinh_toan_x2!E15*Tinh_toan_x2!E13)+(Tinh_toan_x2!C47+Tinh_toan_x2!E52+Tinh_toan_x2!E53/Tinh_toan_x2!E13^2)*2*Tinh_toan_x2!E13/Tinh_toan_x2!E12*F36 -> 32.115581 | F36: =Chu_ky!D7*(Chu_ky!F7+Chu_ky!E7*(Chu_ky!B7*9/10)) -> 0.0068571429 | G36: =Chu_ky!D7*Chu_ky!E7 -> -0.27428571 | H36: =Chu_ky!A7 -> Có tải tăng j-
A37: =Chu_ky!H7+(Chu_ky!B7*10/10) -> 2 | B37: =Chu_ky!D7*(Chu_ky!G7+Chu_ky!F7*(Chu_ky!B7*10/10)+0.5*Chu_ky!E7*(Chu_ky!B7*10/10)^2) -> 0.12 | C37: =Chu_ky!C7*(Chu_ky!D7*Tinh_toan_x2!E14*Tinh_toan_x2!E17+F37) -> 24415.128 | D37: =E37*B37*2*Tinh_toan_x2!E13/Tinh_toan_x2!E12 -> 3051.891 | E37: =C37*Tinh_toan_x2!E12/(2*Tinh_toan_x2!E15*Tinh_toan_x2!E13)+(Tinh_toan_x2!C47+Tinh_toan_x2!E52+Tinh_toan_x2!E53/Tinh_toan_x2!E13^2)*2*Tinh_toan_x2!E13/Tinh_toan_x2!E12*F37 -> 31.790531 | F37: =Chu_ky!D7*(Chu_ky!F7+Chu_ky!E7*(Chu_ky!B7*10/10)) -> 0 | G37: =Chu_ky!D7*Chu_ky!E7 -> -0.27428571 | H37: =Chu_ky!A7 -> Có tải tăng j-
A38: =Chu_ky!H8+(Chu_ky!B8*0/10) -> 2 | B38: =Chu_ky!D8*(Chu_ky!G8+Chu_ky!F8*(Chu_ky!B8*0/10)+0.5*Chu_ky!E8*(Chu_ky!B8*0/10)^2) -> 0.12 | C38: =Chu_ky!C8*(Chu_ky!D8*Tinh_toan_x2!E14*Tinh_toan_x2!E17+F38) -> 24415.128 | D38: =E38*B38*2*Tinh_toan_x2!E13/Tinh_toan_x2!E12 -> 3051.891 | E38: =C38*Tinh_toan_x2!E12/(2*Tinh_toan_x2!E15*Tinh_toan_x2!E13)+(Tinh_toan_x2!C47+Tinh_toan_x2!E52+Tinh_toan_x2!E53/Tinh_toan_x2!E13^2)*2*Tinh_toan_x2!E13/Tinh_toan_x2!E12*F38 -> 31.790531 | F38: =Chu_ky!D8*(Chu_ky!F8+Chu_ky!E8*(Chu_ky!B8*0/10)) -> 0 | G38: =Chu_ky!D8*Chu_ky!E8 -> 0 | H38: =Chu_ky!A8 -> Có tải đều
A39: =Chu_ky!H8+(Chu_ky!B8*1/10) -> 10 | B39: =Chu_ky!D8*(Chu_ky!G8+Chu_ky!F8*(Chu_ky!B8*1/10)+0.5*Chu_ky!E8*(Chu_ky!B8*1/10)^2) -> 0.12 | C39: =Chu_ky!C8*(Chu_ky!D8*Tinh_toan_x2!E14*Tinh_toan_x2!E17+F39) -> 24415.128 | D39: =E39*B39*2*Tinh_toan_x2!E13/Tinh_toan_x2!E12 -> 3051.891 | E39: =C39*Tinh_toan_x2!E12/(2*Tinh_toan_x2!E15*Tinh_toan_x2!E13)+(Tinh_toan_x2!C47+Tinh_toan_x2!E52+Tinh_toan_x2!E53/Tinh_toan_x2!E13^2)*2*Tinh_toan_x2!E13/Tinh_toan_x2!E12*F39 -> 31.790531 | F39: =Chu_ky!D8*(Chu_ky!F8+Chu_ky!E8*(Chu_ky!B8*1/10)) -> 0 | G39: =Chu_ky!D8*Chu_ky!E8 -> 0 | H39: =Chu_ky!A8 -> Có tải đều
A40: =Chu_ky!H8+(Chu_ky!B8*2/10) -> 18 | B40: =Chu_ky!D8*(Chu_ky!G8+Chu_ky!F8*(Chu_ky!B8*2/10)+0.5*Chu_ky!E8*(Chu_ky!B8*2/10)^2) -> 0.12 | C40: =Chu_ky!C8*(Chu_ky!D8*Tinh_toan_x2!E14*Tinh_toan_x2!E17+F40) -> 24415.128 | D40: =E40*B40*2*Tinh_toan_x2!E13/Tinh_toan_x2!E12 -> 3051.891 | E40: =C40*Tinh_toan_x2!E12/(2*Tinh_toan_x2!E15*Tinh_toan_x2!E13)+(Tinh_toan_x2!C47+Tinh_toan_x2!E52+Tinh_toan_x2!E53/Tinh_toan_x2!E13^2)*2*Tinh_toan_x2!E13/Tinh_toan_x2!E12*F40 -> 31.790531 | F40: =Chu_ky!D8*(Chu_ky!F8+Chu_ky!E8*(Chu_ky!B8*2/10)) -> 0 | G40: =Chu_ky!D8*Chu_ky!E8 -> 0 | H40: =Chu_ky!A8 -> Có tải đều
A41: =Chu_ky!H8+(Chu_ky!B8*3/10) -> 26 | B41: =Chu_ky!D8*(Chu_ky!G8+Chu_ky!F8*(Chu_ky!B8*3/10)+0.5*Chu_ky!E8*(Chu_ky!B8*3/10)^2) -> 0.12 | C41: =Chu_ky!C8*(Chu_ky!D8*Tinh_toan_x2!E14*Tinh_toan_x2!E17+F41) -> 24415.128 | D41: =E41*B41*2*Tinh_toan_x2!E13/Tinh_toan_x2!E12 -> 3051.891 | E41: =C41*Tinh_toan_x2!E12/(2*Tinh_toan_x2!E15*Tinh_toan_x2!E13)+(Tinh_toan_x2!C47+Tinh_toan_x2!E52+Tinh_toan_x2!E53/Tinh_toan_x2!E13^2)*2*Tinh_toan_x2!E13/Tinh_toan_x2!E12*F41 -> 31.790531 | F41: =Chu_ky!D8*(Chu_ky!F8+Chu_ky!E8*(Chu_ky!B8*3/10)) -> 0 | G41: =Chu_ky!D8*Chu_ky!E8 -> 0 | H41: =Chu_ky!A8 -> Có tải đều
A42: =Chu_ky!H8+(Chu_ky!B8*4/10) -> 34 | B42: =Chu_ky!D8*(Chu_ky!G8+Chu_ky!F8*(Chu_ky!B8*4/10)+0.5*Chu_ky!E8*(Chu_ky!B8*4/10)^2) -> 0.12 | C42: =Chu_ky!C8*(Chu_ky!D8*Tinh_toan_x2!E14*Tinh_toan_x2!E17+F42) -> 24415.128 | D42: =E42*B42*2*Tinh_toan_x2!E13/Tinh_toan_x2!E12 -> 3051.891 | E42: =C42*Tinh_toan_x2!E12/(2*Tinh_toan_x2!E15*Tinh_toan_x2!E13)+(Tinh_toan_x2!C47+Tinh_toan_x2!E52+Tinh_toan_x2!E53/Tinh_toan_x2!E13^2)*2*Tinh_toan_x2!E13/Tinh_toan_x2!E12*F42 -> 31.790531 | F42: =Chu_ky!D8*(Chu_ky!F8+Chu_ky!E8*(Chu_ky!B8*4/10)) -> 0 | G42: =Chu_ky!D8*Chu_ky!E8 -> 0 | H42: =Chu_ky!A8 -> Có tải đều
A43: =Chu_ky!H8+(Chu_ky!B8*5/10) -> 42 | B43: =Chu_ky!D8*(Chu_ky!G8+Chu_ky!F8*(Chu_ky!B8*5/10)+0.5*Chu_ky!E8*(Chu_ky!B8*5/10)^2) -> 0.12 | C43: =Chu_ky!C8*(Chu_ky!D8*Tinh_toan_x2!E14*Tinh_toan_x2!E17+F43) -> 24415.128 | D43: =E43*B43*2*Tinh_toan_x2!E13/Tinh_toan_x2!E12 -> 3051.891 | E43: =C43*Tinh_toan_x2!E12/(2*Tinh_toan_x2!E15*Tinh_toan_x2!E13)+(Tinh_toan_x2!C47+Tinh_toan_x2!E52+Tinh_toan_x2!E53/Tinh_toan_x2!E13^2)*2*Tinh_toan_x2!E13/Tinh_toan_x2!E12*F43 -> 31.790531 | F43: =Chu_ky!D8*(Chu_ky!F8+Chu_ky!E8*(Chu_ky!B8*5/10)) -> 0 | G43: =Chu_ky!D8*Chu_ky!E8 -> 0 | H43: =Chu_ky!A8 -> Có tải đều
A44: =Chu_ky!H8+(Chu_ky!B8*6/10) -> 50 | B44: =Chu_ky!D8*(Chu_ky!G8+Chu_ky!F8*(Chu_ky!B8*6/10)+0.5*Chu_ky!E8*(Chu_ky!B8*6/10)^2) -> 0.12 | C44: =Chu_ky!C8*(Chu_ky!D8*Tinh_toan_x2!E14*Tinh_toan_x2!E17+F44) -> 24415.128 | D44: =E44*B44*2*Tinh_toan_x2!E13/Tinh_toan_x2!E12 -> 3051.891 | E44: =C44*Tinh_toan_x2!E12/(2*Tinh_toan_x2!E15*Tinh_toan_x2!E13)+(Tinh_toan_x2!C47+Tinh_toan_x2!E52+Tinh_toan_x2!E53/Tinh_toan_x2!E13^2)*2*Tinh_toan_x2!E13/Tinh_toan_x2!E12*F44 -> 31.790531 | F44: =Chu_ky!D8*(Chu_ky!F8+Chu_ky!E8*(Chu_ky!B8*6/10)) -> 0 | G44: =Chu_ky!D8*Chu_ky!E8 -> 0 | H44: =Chu_ky!A8 -> Có tải đều
A45: =Chu_ky!H8+(Chu_ky!B8*7/10) -> 58 | B45: =Chu_ky!D8*(Chu_ky!G8+Chu_ky!F8*(Chu_ky!B8*7/10)+0.5*Chu_ky!E8*(Chu_ky!B8*7/10)^2) -> 0.12 | C45: =Chu_ky!C8*(Chu_ky!D8*Tinh_toan_x2!E14*Tinh_toan_x2!E17+F45) -> 24415.128 | D45: =E45*B45*2*Tinh_toan_x2!E13/Tinh_toan_x2!E12 -> 3051.891 | E45: =C45*Tinh_toan_x2!E12/(2*Tinh_toan_x2!E15*Tinh_toan_x2!E13)+(Tinh_toan_x2!C47+Tinh_toan_x2!E52+Tinh_toan_x2!E53/Tinh_toan_x2!E13^2)*2*Tinh_toan_x2!E13/Tinh_toan_x2!E12*F45 -> 31.790531 | F45: =Chu_ky!D8*(Chu_ky!F8+Chu_ky!E8*(Chu_ky!B8*7/10)) -> 0 | G45: =Chu_ky!D8*Chu_ky!E8 -> 0 | H45: =Chu_ky!A8 -> Có tải đều
A46: =Chu_ky!H8+(Chu_ky!B8*8/10) -> 66 | B46: =Chu_ky!D8*(Chu_ky!G8+Chu_ky!F8*(Chu_ky!B8*8/10)+0.5*Chu_ky!E8*(Chu_ky!B8*8/10)^2) -> 0.12 | C46: =Chu_ky!C8*(Chu_ky!D8*Tinh_toan_x2!E14*Tinh_toan_x2!E17+F46) -> 24415.128 | D46: =E46*B46*2*Tinh_toan_x2!E13/Tinh_toan_x2!E12 -> 3051.891 | E46: =C46*Tinh_toan_x2!E12/(2*Tinh_toan_x2!E15*Tinh_toan_x2!E13)+(Tinh_toan_x2!C47+Tinh_toan_x2!E52+Tinh_toan_x2!E53/Tinh_toan_x2!E13^2)*2*Tinh_toan_x2!E13/Tinh_toan_x2!E12*F46 -> 31.790531 | F46: =Chu_ky!D8*(Chu_ky!F8+Chu_ky!E8*(Chu_ky!B8*8/10)) -> 0 | G46: =Chu_ky!D8*Chu_ky!E8 -> 0 | H46: =Chu_ky!A8 -> Có tải đều
A47: =Chu_ky!H8+(Chu_ky!B8*9/10) -> 74 | B47: =Chu_ky!D8*(Chu_ky!G8+Chu_ky!F8*(Chu_ky!B8*9/10)+0.5*Chu_ky!E8*(Chu_ky!B8*9/10)^2) -> 0.12 | C47: =Chu_ky!C8*(Chu_ky!D8*Tinh_toan_x2!E14*Tinh_toan_x2!E17+F47) -> 24415.128 | D47: =E47*B47*2*Tinh_toan_x2!E13/Tinh_toan_x2!E12 -> 3051.891 | E47: =C47*Tinh_toan_x2!E12/(2*Tinh_toan_x2!E15*Tinh_toan_x2!E13)+(Tinh_toan_x2!C47+Tinh_toan_x2!E52+Tinh_toan_x2!E53/Tinh_toan_x2!E13^2)*2*Tinh_toan_x2!E13/Tinh_toan_x2!E12*F47 -> 31.790531 | F47: =Chu_ky!D8*(Chu_ky!F8+Chu_ky!E8*(Chu_ky!B8*9/10)) -> 0 | G47: =Chu_ky!D8*Chu_ky!E8 -> 0 | H47: =Chu_ky!A8 -> Có tải đều
A48: =Chu_ky!H8+(Chu_ky!B8*10/10) -> 82 | B48: =Chu_ky!D8*(Chu_ky!G8+Chu_ky!F8*(Chu_ky!B8*10/10)+0.5*Chu_ky!E8*(Chu_ky!B8*10/10)^2) -> 0.12 | C48: =Chu_ky!C8*(Chu_ky!D8*Tinh_toan_x2!E14*Tinh_toan_x2!E17+F48) -> 24415.128 | D48: =E48*B48*2*Tinh_toan_x2!E13/Tinh_toan_x2!E12 -> 3051.891 | E48: =C48*Tinh_toan_x2!E12/(2*Tinh_toan_x2!E15*Tinh_toan_x2!E13)+(Tinh_toan_x2!C47+Tinh_toan_x2!E52+Tinh_toan_x2!E53/Tinh_toan_x2!E13^2)*2*Tinh_toan_x2!E13/Tinh_toan_x2!E12*F48 -> 31.790531 | F48: =Chu_ky!D8*(Chu_ky!F8+Chu_ky!E8*(Chu_ky!B8*10/10)) -> 0 | G48: =Chu_ky!D8*Chu_ky!E8 -> 0 | H48: =Chu_ky!A8 -> Có tải đều
A49: =Chu_ky!H9+(Chu_ky!B9*0/10) -> 82 | B49: =Chu_ky!D9*(Chu_ky!G9+Chu_ky!F9*(Chu_ky!B9*0/10)+0.5*Chu_ky!E9*(Chu_ky!B9*0/10)^2) -> 0.12 | C49: =Chu_ky!C9*(Chu_ky!D9*Tinh_toan_x2!E14*Tinh_toan_x2!E17+F49) -> 24415.128 | D49: =E49*B49*2*Tinh_toan_x2!E13/Tinh_toan_x2!E12 -> 3051.891 | E49: =C49*Tinh_toan_x2!E12/(2*Tinh_toan_x2!E15*Tinh_toan_x2!E13)+(Tinh_toan_x2!C47+Tinh_toan_x2!E52+Tinh_toan_x2!E53/Tinh_toan_x2!E13^2)*2*Tinh_toan_x2!E13/Tinh_toan_x2!E12*F49 -> 31.790531 | F49: =Chu_ky!D9*(Chu_ky!F9+Chu_ky!E9*(Chu_ky!B9*0/10)) -> 0 | G49: =Chu_ky!D9*Chu_ky!E9 -> -0.049230769 | H49: =Chu_ky!A9 -> Có tải giảm j-
A50: =Chu_ky!H9+(Chu_ky!B9*1/10) -> 82.025 | B50: =Chu_ky!D9*(Chu_ky!G9+Chu_ky!F9*(Chu_ky!B9*1/10)+0.5*Chu_ky!E9*(Chu_ky!B9*1/10)^2) -> 0.11998462 | C50: =Chu_ky!C9*(Chu_ky!D9*Tinh_toan_x2!E14*Tinh_toan_x2!E17+F50) -> 24399.812 | D50: =E50*B50*2*Tinh_toan_x2!E13/Tinh_toan_x2!E12 -> 3045.8996 | E50: =C50*Tinh_toan_x2!E12/(2*Tinh_toan_x2!E15*Tinh_toan_x2!E13)+(Tinh_toan_x2!C47+Tinh_toan_x2!E52+Tinh_toan_x2!E53/Tinh_toan_x2!E13^2)*2*Tinh_toan_x2!E13/Tinh_toan_x2!E12*F50 -> 31.732189 | F50: =Chu_ky!D9*(Chu_ky!F9+Chu_ky!E9*(Chu_ky!B9*1/10)) -> -0.0012307692 | G50: =Chu_ky!D9*Chu_ky!E9 -> -0.049230769 | H50: =Chu_ky!A9 -> Có tải giảm j-
A51: =Chu_ky!H9+(Chu_ky!B9*2/10) -> 82.05 | B51: =Chu_ky!D9*(Chu_ky!G9+Chu_ky!F9*(Chu_ky!B9*2/10)+0.5*Chu_ky!E9*(Chu_ky!B9*2/10)^2) -> 0.11993846 | C51: =Chu_ky!C9*(Chu_ky!D9*Tinh_toan_x2!E14*Tinh_toan_x2!E17+F51) -> 24384.497 | D51: =E51*B51*2*Tinh_toan_x2!E13/Tinh_toan_x2!E12 -> 3039.1299 | E51: =C51*Tinh_toan_x2!E12/(2*Tinh_toan_x2!E15*Tinh_toan_x2!E13)+(Tinh_toan_x2!C47+Tinh_toan_x2!E52+Tinh_toan_x2!E53/Tinh_toan_x2!E13^2)*2*Tinh_toan_x2!E13/Tinh_toan_x2!E12*F51 -> 31.673847 | F51: =Chu_ky!D9*(Chu_ky!F9+Chu_ky!E9*(Chu_ky!B9*2/10)) -> -0.0024615385 | G51: =Chu_ky!D9*Chu_ky!E9 -> -0.049230769 | H51: =Chu_ky!A9 -> Có tải giảm j-
A52: =Chu_ky!H9+(Chu_ky!B9*3/10) -> 82.075 | B52: =Chu_ky!D9*(Chu_ky!G9+Chu_ky!F9*(Chu_ky!B9*3/10)+0.5*Chu_ky!E9*(Chu_ky!B9*3/10)^2) -> 0.11986154 | C52: =Chu_ky!C9*(Chu_ky!D9*Tinh_toan_x2!E14*Tinh_toan_x2!E17+F52) -> 24369.181 | D52: =E52*B52*2*Tinh_toan_x2!E13/Tinh_toan_x2!E12 -> 3031.5864 | E52: =C52*Tinh_toan_x2!E12/(2*Tinh_toan_x2!E15*Tinh_toan_x2!E13)+(Tinh_toan_x2!C47+Tinh_toan_x2!E52+Tinh_toan_x2!E53/Tinh_toan_x2!E13^2)*2*Tinh_toan_x2!E13/Tinh_toan_x2!E12*F52 -> 31.615504 | F52: =Chu_ky!D9*(Chu_ky!F9+Chu_ky!E9*(Chu_ky!B9*3/10)) -> -0.0036923077 | G52: =Chu_ky!D9*Chu_ky!E9 -> -0.049230769 | H52: =Chu_ky!A9 -> Có tải giảm j-
A53: =Chu_ky!H9+(Chu_ky!B9*4/10) -> 82.1 | B53: =Chu_ky!D9*(Chu_ky!G9+Chu_ky!F9*(Chu_ky!B9*4/10)+0.5*Chu_ky!E9*(Chu_ky!B9*4/10)^2) -> 0.11975385 | C53: =Chu_ky!C9*(Chu_ky!D9*Tinh_toan_x2!E14*Tinh_toan_x2!E17+F53) -> 24353.865 | D53: =E53*B53*2*Tinh_toan_x2!E13/Tinh_toan_x2!E12 -> 3023.2732 | E53: =C53*Tinh_toan_x2!E12/(2*Tinh_toan_x2!E15*Tinh_toan_x2!E13)+(Tinh_toan_x2!C47+Tinh_toan_x2!E52+Tinh_toan_x2!E53/Tinh_toan_x2!E13^2)*2*Tinh_toan_x2!E13/Tinh_toan_x2!E12*F53 -> 31.557162 | F53: =Chu_ky!D9*(Chu_ky!F9+Chu_ky!E9*(Chu_ky!B9*4/10)) -> -0.0049230769 | G53: =Chu_ky!D9*Chu_ky!E9 -> -0.049230769 | H53: =Chu_ky!A9 -> Có tải giảm j-
A54: =Chu_ky!H9+(Chu_ky!B9*5/10) -> 82.125 | B54: =Chu_ky!D9*(Chu_ky!G9+Chu_ky!F9*(Chu_ky!B9*5/10)+0.5*Chu_ky!E9*(Chu_ky!B9*5/10)^2) -> 0.11961538 | C54: =Chu_ky!C9*(Chu_ky!D9*Tinh_toan_x2!E14*Tinh_toan_x2!E17+F54) -> 24338.55 | D54: =E54*B54*2*Tinh_toan_x2!E13/Tinh_toan_x2!E12 -> 3014.1947 | E54: =C54*Tinh_toan_x2!E12/(2*Tinh_toan_x2!E15*Tinh_toan_x2!E13)+(Tinh_toan_x2!C47+Tinh_toan_x2!E52+Tinh_toan_x2!E53/Tinh_toan_x2!E13^2)*2*Tinh_toan_x2!E13/Tinh_toan_x2!E12*F54 -> 31.49882 | F54: =Chu_ky!D9*(Chu_ky!F9+Chu_ky!E9*(Chu_ky!B9*5/10)) -> -0.0061538462 | G54: =Chu_ky!D9*Chu_ky!E9 -> -0.049230769 | H54: =Chu_ky!A9 -> Có tải giảm j-
A55: =Chu_ky!H9+(Chu_ky!B9*6/10) -> 82.15 | B55: =Chu_ky!D9*(Chu_ky!G9+Chu_ky!F9*(Chu_ky!B9*6/10)+0.5*Chu_ky!E9*(Chu_ky!B9*6/10)^2) -> 0.11944615 | C55: =Chu_ky!C9*(Chu_ky!D9*Tinh_toan_x2!E14*Tinh_toan_x2!E17+F55) -> 24323.234 | D55: =E55*B55*2*Tinh_toan_x2!E13/Tinh_toan_x2!E12 -> 3004.3553 | E55: =C55*Tinh_toan_x2!E12/(2*Tinh_toan_x2!E15*Tinh_toan_x2!E13)+(Tinh_toan_x2!C47+Tinh_toan_x2!E52+Tinh_toan_x2!E53/Tinh_toan_x2!E13^2)*2*Tinh_toan_x2!E13/Tinh_toan_x2!E12*F55 -> 31.440477 | F55: =Chu_ky!D9*(Chu_ky!F9+Chu_ky!E9*(Chu_ky!B9*6/10)) -> -0.0073846154 | G55: =Chu_ky!D9*Chu_ky!E9 -> -0.049230769 | H55: =Chu_ky!A9 -> Có tải giảm j-
A56: =Chu_ky!H9+(Chu_ky!B9*7/10) -> 82.175 | B56: =Chu_ky!D9*(Chu_ky!G9+Chu_ky!F9*(Chu_ky!B9*7/10)+0.5*Chu_ky!E9*(Chu_ky!B9*7/10)^2) -> 0.11924615 | C56: =Chu_ky!C9*(Chu_ky!D9*Tinh_toan_x2!E14*Tinh_toan_x2!E17+F56) -> 24307.918 | D56: =E56*B56*2*Tinh_toan_x2!E13/Tinh_toan_x2!E12 -> 2993.7591 | E56: =C56*Tinh_toan_x2!E12/(2*Tinh_toan_x2!E15*Tinh_toan_x2!E13)+(Tinh_toan_x2!C47+Tinh_toan_x2!E52+Tinh_toan_x2!E53/Tinh_toan_x2!E13^2)*2*Tinh_toan_x2!E13/Tinh_toan_x2!E12*F56 -> 31.382135 | F56: =Chu_ky!D9*(Chu_ky!F9+Chu_ky!E9*(Chu_ky!B9*7/10)) -> -0.0086153846 | G56: =Chu_ky!D9*Chu_ky!E9 -> -0.049230769 | H56: =Chu_ky!A9 -> Có tải giảm j-
A57: =Chu_ky!H9+(Chu_ky!B9*8/10) -> 82.2 | B57: =Chu_ky!D9*(Chu_ky!G9+Chu_ky!F9*(Chu_ky!B9*8/10)+0.5*Chu_ky!E9*(Chu_ky!B9*8/10)^2) -> 0.11901538 | C57: =Chu_ky!C9*(Chu_ky!D9*Tinh_toan_x2!E14*Tinh_toan_x2!E17+F57) -> 24292.602 | D57: =E57*B57*2*Tinh_toan_x2!E13/Tinh_toan_x2!E12 -> 2982.4106 | E57: =C57*Tinh_toan_x2!E12/(2*Tinh_toan_x2!E15*Tinh_toan_x2!E13)+(Tinh_toan_x2!C47+Tinh_toan_x2!E52+Tinh_toan_x2!E53/Tinh_toan_x2!E13^2)*2*Tinh_toan_x2!E13/Tinh_toan_x2!E12*F57 -> 31.323793 | F57: =Chu_ky!D9*(Chu_ky!F9+Chu_ky!E9*(Chu_ky!B9*8/10)) -> -0.0098461538 | G57: =Chu_ky!D9*Chu_ky!E9 -> -0.049230769 | H57: =Chu_ky!A9 -> Có tải giảm j-
A58: =Chu_ky!H9+(Chu_ky!B9*9/10) -> 82.225 | B58: =Chu_ky!D9*(Chu_ky!G9+Chu_ky!F9*(Chu_ky!B9*9/10)+0.5*Chu_ky!E9*(Chu_ky!B9*9/10)^2) -> 0.11875385 | C58: =Chu_ky!C9*(Chu_ky!D9*Tinh_toan_x2!E14*Tinh_toan_x2!E17+F58) -> 24277.287 | D58: =E58*B58*2*Tinh_toan_x2!E13/Tinh_toan_x2!E12 -> 2970.314 | E58: =C58*Tinh_toan_x2!E12/(2*Tinh_toan_x2!E15*Tinh_toan_x2!E13)+(Tinh_toan_x2!C47+Tinh_toan_x2!E52+Tinh_toan_x2!E53/Tinh_toan_x2!E13^2)*2*Tinh_toan_x2!E13/Tinh_toan_x2!E12*F58 -> 31.26545 | F58: =Chu_ky!D9*(Chu_ky!F9+Chu_ky!E9*(Chu_ky!B9*9/10)) -> -0.011076923 | G58: =Chu_ky!D9*Chu_ky!E9 -> -0.049230769 | H58: =Chu_ky!A9 -> Có tải giảm j-
A59: =Chu_ky!H9+(Chu_ky!B9*10/10) -> 82.25 | B59: =Chu_ky!D9*(Chu_ky!G9+Chu_ky!F9*(Chu_ky!B9*10/10)+0.5*Chu_ky!E9*(Chu_ky!B9*10/10)^2) -> 0.11846154 | C59: =Chu_ky!C9*(Chu_ky!D9*Tinh_toan_x2!E14*Tinh_toan_x2!E17+F59) -> 24261.971 | D59: =E59*B59*2*Tinh_toan_x2!E13/Tinh_toan_x2!E12 -> 2957.4736 | E59: =C59*Tinh_toan_x2!E12/(2*Tinh_toan_x2!E15*Tinh_toan_x2!E13)+(Tinh_toan_x2!C47+Tinh_toan_x2!E52+Tinh_toan_x2!E53/Tinh_toan_x2!E13^2)*2*Tinh_toan_x2!E13/Tinh_toan_x2!E12*F59 -> 31.207108 | F59: =Chu_ky!D9*(Chu_ky!F9+Chu_ky!E9*(Chu_ky!B9*10/10)) -> -0.012307692 | G59: =Chu_ky!D9*Chu_ky!E9 -> -0.049230769 | H59: =Chu_ky!A9 -> Có tải giảm j-
A60: =Chu_ky!H10+(Chu_ky!B10*0/10) -> 82.25 | B60: =Chu_ky!D10*(Chu_ky!G10+Chu_ky!F10*(Chu_ky!B10*0/10)+0.5*Chu_ky!E10*(Chu_ky!B10*0/10)^2) -> 0.11846154 | C60: =Chu_ky!C10*(Chu_ky!D10*Tinh_toan_x2!E14*Tinh_toan_x2!E17+F60) -> 24261.971 | D60: =E60*B60*2*Tinh_toan_x2!E13/Tinh_toan_x2!E12 -> 2957.4736 | E60: =C60*Tinh_toan_x2!E12/(2*Tinh_toan_x2!E15*Tinh_toan_x2!E13)+(Tinh_toan_x2!C47+Tinh_toan_x2!E52+Tinh_toan_x2!E53/Tinh_toan_x2!E13^2)*2*Tinh_toan_x2!E13/Tinh_toan_x2!E12*F60 -> 31.207108 | F60: =Chu_ky!D10*(Chu_ky!F10+Chu_ky!E10*(Chu_ky!B10*0/10)) -> -0.012307692 | G60: =Chu_ky!D10*Chu_ky!E10 -> 0 | H60: =Chu_ky!A10 -> Có tải giảm a
A61: =Chu_ky!H10+(Chu_ky!B10*1/10) -> 83.2 | B61: =Chu_ky!D10*(Chu_ky!G10+Chu_ky!F10*(Chu_ky!B10*1/10)+0.5*Chu_ky!E10*(Chu_ky!B10*1/10)^2) -> 0.10676923 | C61: =Chu_ky!C10*(Chu_ky!D10*Tinh_toan_x2!E14*Tinh_toan_x2!E17+F61) -> 24261.971 | D61: =E61*B61*2*Tinh_toan_x2!E13/Tinh_toan_x2!E12 -> 2665.5671 | E61: =C61*Tinh_toan_x2!E12/(2*Tinh_toan_x2!E15*Tinh_toan_x2!E13)+(Tinh_toan_x2!C47+Tinh_toan_x2!E52+Tinh_toan_x2!E53/Tinh_toan_x2!E13^2)*2*Tinh_toan_x2!E13/Tinh_toan_x2!E12*F61 -> 31.207108 | F61: =Chu_ky!D10*(Chu_ky!F10+Chu_ky!E10*(Chu_ky!B10*1/10)) -> -0.012307692 | G61: =Chu_ky!D10*Chu_ky!E10 -> 0 | H61: =Chu_ky!A10 -> Có tải giảm a
A62: =Chu_ky!H10+(Chu_ky!B10*2/10) -> 84.15 | B62: =Chu_ky!D10*(Chu_ky!G10+Chu_ky!F10*(Chu_ky!B10*2/10)+0.5*Chu_ky!E10*(Chu_ky!B10*2/10)^2) -> 0.095076923 | C62: =Chu_ky!C10*(Chu_ky!D10*Tinh_toan_x2!E14*Tinh_toan_x2!E17+F62) -> 24261.971 | D62: =E62*B62*2*Tinh_toan_x2!E13/Tinh_toan_x2!E12 -> 2373.6607 | E62: =C62*Tinh_toan_x2!E12/(2*Tinh_toan_x2!E15*Tinh_toan_x2!E13)+(Tinh_toan_x2!C47+Tinh_toan_x2!E52+Tinh_toan_x2!E53/Tinh_toan_x2!E13^2)*2*Tinh_toan_x2!E13/Tinh_toan_x2!E12*F62 -> 31.207108 | F62: =Chu_ky!D10*(Chu_ky!F10+Chu_ky!E10*(Chu_ky!B10*2/10)) -> -0.012307692 | G62: =Chu_ky!D10*Chu_ky!E10 -> 0 | H62: =Chu_ky!A10 -> Có tải giảm a
A63: =Chu_ky!H10+(Chu_ky!B10*3/10) -> 85.1 | B63: =Chu_ky!D10*(Chu_ky!G10+Chu_ky!F10*(Chu_ky!B10*3/10)+0.5*Chu_ky!E10*(Chu_ky!B10*3/10)^2) -> 0.083384615 | C63: =Chu_ky!C10*(Chu_ky!D10*Tinh_toan_x2!E14*Tinh_toan_x2!E17+F63) -> 24261.971 | D63: =E63*B63*2*Tinh_toan_x2!E13/Tinh_toan_x2!E12 -> 2081.7542 | E63: =C63*Tinh_toan_x2!E12/(2*Tinh_toan_x2!E15*Tinh_toan_x2!E13)+(Tinh_toan_x2!C47+Tinh_toan_x2!E52+Tinh_toan_x2!E53/Tinh_toan_x2!E13^2)*2*Tinh_toan_x2!E13/Tinh_toan_x2!E12*F63 -> 31.207108 | F63: =Chu_ky!D10*(Chu_ky!F10+Chu_ky!E10*(Chu_ky!B10*3/10)) -> -0.012307692 | G63: =Chu_ky!D10*Chu_ky!E10 -> 0 | H63: =Chu_ky!A10 -> Có tải giảm a
A64: =Chu_ky!H10+(Chu_ky!B10*4/10) -> 86.05 | B64: =Chu_ky!D10*(Chu_ky!G10+Chu_ky!F10*(Chu_ky!B10*4/10)+0.5*Chu_ky!E10*(Chu_ky!B10*4/10)^2) -> 0.071692308 | C64: =Chu_ky!C10*(Chu_ky!D10*Tinh_toan_x2!E14*Tinh_toan_x2!E17+F64) -> 24261.971 | D64: =E64*B64*2*Tinh_toan_x2!E13/Tinh_toan_x2!E12 -> 1789.8477 | E64: =C64*Tinh_toan_x2!E12/(2*Tinh_toan_x2!E15*Tinh_toan_x2!E13)+(Tinh_toan_x2!C47+Tinh_toan_x2!E52+Tinh_toan_x2!E53/Tinh_toan_x2!E13^2)*2*Tinh_toan_x2!E13/Tinh_toan_x2!E12*F64 -> 31.207108 | F64: =Chu_ky!D10*(Chu_ky!F10+Chu_ky!E10*(Chu_ky!B10*4/10)) -> -0.012307692 | G64: =Chu_ky!D10*Chu_ky!E10 -> 0 | H64: =Chu_ky!A10 -> Có tải giảm a
A65: =Chu_ky!H10+(Chu_ky!B10*5/10) -> 87 | B65: =Chu_ky!D10*(Chu_ky!G10+Chu_ky!F10*(Chu_ky!B10*5/10)+0.5*Chu_ky!E10*(Chu_ky!B10*5/10)^2) -> 0.06 | C65: =Chu_ky!C10*(Chu_ky!D10*Tinh_toan_x2!E14*Tinh_toan_x2!E17+F65) -> 24261.971 | D65: =E65*B65*2*Tinh_toan_x2!E13/Tinh_toan_x2!E12 -> 1497.9412 | E65: =C65*Tinh_toan_x2!E12/(2*Tinh_toan_x2!E15*Tinh_toan_x2!E13)+(Tinh_toan_x2!C47+Tinh_toan_x2!E52+Tinh_toan_x2!E53/Tinh_toan_x2!E13^2)*2*Tinh_toan_x2!E13/Tinh_toan_x2!E12*F65 -> 31.207108 | F65: =Chu_ky!D10*(Chu_ky!F10+Chu_ky!E10*(Chu_ky!B10*5/10)) -> -0.012307692 | G65: =Chu_ky!D10*Chu_ky!E10 -> 0 | H65: =Chu_ky!A10 -> Có tải giảm a
A66: =Chu_ky!H10+(Chu_ky!B10*6/10) -> 87.95 | B66: =Chu_ky!D10*(Chu_ky!G10+Chu_ky!F10*(Chu_ky!B10*6/10)+0.5*Chu_ky!E10*(Chu_ky!B10*6/10)^2) -> 0.048307692 | C66: =Chu_ky!C10*(Chu_ky!D10*Tinh_toan_x2!E14*Tinh_toan_x2!E17+F66) -> 24261.971 | D66: =E66*B66*2*Tinh_toan_x2!E13/Tinh_toan_x2!E12 -> 1206.0347 | E66: =C66*Tinh_toan_x2!E12/(2*Tinh_toan_x2!E15*Tinh_toan_x2!E13)+(Tinh_toan_x2!C47+Tinh_toan_x2!E52+Tinh_toan_x2!E53/Tinh_toan_x2!E13^2)*2*Tinh_toan_x2!E13/Tinh_toan_x2!E12*F66 -> 31.207108 | F66: =Chu_ky!D10*(Chu_ky!F10+Chu_ky!E10*(Chu_ky!B10*6/10)) -> -0.012307692 | G66: =Chu_ky!D10*Chu_ky!E10 -> 0 | H66: =Chu_ky!A10 -> Có tải giảm a
A67: =Chu_ky!H10+(Chu_ky!B10*7/10) -> 88.9 | B67: =Chu_ky!D10*(Chu_ky!G10+Chu_ky!F10*(Chu_ky!B10*7/10)+0.5*Chu_ky!E10*(Chu_ky!B10*7/10)^2) -> 0.036615385 | C67: =Chu_ky!C10*(Chu_ky!D10*Tinh_toan_x2!E14*Tinh_toan_x2!E17+F67) -> 24261.971 | D67: =E67*B67*2*Tinh_toan_x2!E13/Tinh_toan_x2!E12 -> 914.12821 | E67: =C67*Tinh_toan_x2!E12/(2*Tinh_toan_x2!E15*Tinh_toan_x2!E13)+(Tinh_toan_x2!C47+Tinh_toan_x2!E52+Tinh_toan_x2!E53/Tinh_toan_x2!E13^2)*2*Tinh_toan_x2!E13/Tinh_toan_x2!E12*F67 -> 31.207108 | F67: =Chu_ky!D10*(Chu_ky!F10+Chu_ky!E10*(Chu_ky!B10*7/10)) -> -0.012307692 | G67: =Chu_ky!D10*Chu_ky!E10 -> 0 | H67: =Chu_ky!A10 -> Có tải giảm a
A68: =Chu_ky!H10+(Chu_ky!B10*8/10) -> 89.85 | B68: =Chu_ky!D10*(Chu_ky!G10+Chu_ky!F10*(Chu_ky!B10*8/10)+0.5*Chu_ky!E10*(Chu_ky!B10*8/10)^2) -> 0.024923077 | C68: =Chu_ky!C10*(Chu_ky!D10*Tinh_toan_x2!E14*Tinh_toan_x2!E17+F68) -> 24261.971 | D68: =E68*B68*2*Tinh_toan_x2!E13/Tinh_toan_x2!E12 -> 622.22173 | E68: =C68*Tinh_toan_x2!E12/(2*Tinh_toan_x2!E15*Tinh_toan_x2!E13)+(Tinh_toan_x2!C47+Tinh_toan_x2!E52+Tinh_toan_x2!E53/Tinh_toan_x2!E13^2)*2*Tinh_toan_x2!E13/Tinh_toan_x2!E12*F68 -> 31.207108 | F68: =Chu_ky!D10*(Chu_ky!F10+Chu_ky!E10*(Chu_ky!B10*8/10)) -> -0.012307692 | G68: =Chu_ky!D10*Chu_ky!E10 -> 0 | H68: =Chu_ky!A10 -> Có tải giảm a
A69: =Chu_ky!H10+(Chu_ky!B10*9/10) -> 90.8 | B69: =Chu_ky!D10*(Chu_ky!G10+Chu_ky!F10*(Chu_ky!B10*9/10)+0.5*Chu_ky!E10*(Chu_ky!B10*9/10)^2) -> 0.013230769 | C69: =Chu_ky!C10*(Chu_ky!D10*Tinh_toan_x2!E14*Tinh_toan_x2!E17+F69) -> 24261.971 | D69: =E69*B69*2*Tinh_toan_x2!E13/Tinh_toan_x2!E12 -> 330.31524 | E69: =C69*Tinh_toan_x2!E12/(2*Tinh_toan_x2!E15*Tinh_toan_x2!E13)+(Tinh_toan_x2!C47+Tinh_toan_x2!E52+Tinh_toan_x2!E53/Tinh_toan_x2!E13^2)*2*Tinh_toan_x2!E13/Tinh_toan_x2!E12*F69 -> 31.207108 | F69: =Chu_ky!D10*(Chu_ky!F10+Chu_ky!E10*(Chu_ky!B10*9/10)) -> -0.012307692 | G69: =Chu_ky!D10*Chu_ky!E10 -> 0 | H69: =Chu_ky!A10 -> Có tải giảm a
A70: =Chu_ky!H10+(Chu_ky!B10*10/10) -> 91.75 | B70: =Chu_ky!D10*(Chu_ky!G10+Chu_ky!F10*(Chu_ky!B10*10/10)+0.5*Chu_ky!E10*(Chu_ky!B10*10/10)^2) -> 0.0015384615 | C70: =Chu_ky!C10*(Chu_ky!D10*Tinh_toan_x2!E14*Tinh_toan_x2!E17+F70) -> 24261.971 | D70: =E70*B70*2*Tinh_toan_x2!E13/Tinh_toan_x2!E12 -> 38.408749 | E70: =C70*Tinh_toan_x2!E12/(2*Tinh_toan_x2!E15*Tinh_toan_x2!E13)+(Tinh_toan_x2!C47+Tinh_toan_x2!E52+Tinh_toan_x2!E53/Tinh_toan_x2!E13^2)*2*Tinh_toan_x2!E13/Tinh_toan_x2!E12*F70 -> 31.207108 | F70: =Chu_ky!D10*(Chu_ky!F10+Chu_ky!E10*(Chu_ky!B10*10/10)) -> -0.012307692 | G70: =Chu_ky!D10*Chu_ky!E10 -> 0 | H70: =Chu_ky!A10 -> Có tải giảm a
A71: =Chu_ky!H11+(Chu_ky!B11*0/10) -> 91.75 | B71: =Chu_ky!D11*(Chu_ky!G11+Chu_ky!F11*(Chu_ky!B11*0/10)+0.5*Chu_ky!E11*(Chu_ky!B11*0/10)^2) -> 0.0015384615 | C71: =Chu_ky!C11*(Chu_ky!D11*Tinh_toan_x2!E14*Tinh_toan_x2!E17+F71) -> 24261.971 | D71: =E71*B71*2*Tinh_toan_x2!E13/Tinh_toan_x2!E12 -> 38.408749 | E71: =C71*Tinh_toan_x2!E12/(2*Tinh_toan_x2!E15*Tinh_toan_x2!E13)+(Tinh_toan_x2!C47+Tinh_toan_x2!E52+Tinh_toan_x2!E53/Tinh_toan_x2!E13^2)*2*Tinh_toan_x2!E13/Tinh_toan_x2!E12*F71 -> 31.207108 | F71: =Chu_ky!D11*(Chu_ky!F11+Chu_ky!E11*(Chu_ky!B11*0/10)) -> -0.012307692 | G71: =Chu_ky!D11*Chu_ky!E11 -> 0.049230769 | H71: =Chu_ky!A11 -> Có tải giảm j+
A72: =Chu_ky!H11+(Chu_ky!B11*1/10) -> 91.775 | B72: =Chu_ky!D11*(Chu_ky!G11+Chu_ky!F11*(Chu_ky!B11*1/10)+0.5*Chu_ky!E11*(Chu_ky!B11*1/10)^2) -> 0.0012461538 | C72: =Chu_ky!C11*(Chu_ky!D11*Tinh_toan_x2!E14*Tinh_toan_x2!E17+F72) -> 24277.287 | D72: =E72*B72*2*Tinh_toan_x2!E13/Tinh_toan_x2!E12 -> 31.169249 | E72: =C72*Tinh_toan_x2!E12/(2*Tinh_toan_x2!E15*Tinh_toan_x2!E13)+(Tinh_toan_x2!C47+Tinh_toan_x2!E52+Tinh_toan_x2!E53/Tinh_toan_x2!E13^2)*2*Tinh_toan_x2!E13/Tinh_toan_x2!E12*F72 -> 31.26545 | F72: =Chu_ky!D11*(Chu_ky!F11+Chu_ky!E11*(Chu_ky!B11*1/10)) -> -0.011076923 | G72: =Chu_ky!D11*Chu_ky!E11 -> 0.049230769 | H72: =Chu_ky!A11 -> Có tải giảm j+
A73: =Chu_ky!H11+(Chu_ky!B11*2/10) -> 91.8 | B73: =Chu_ky!D11*(Chu_ky!G11+Chu_ky!F11*(Chu_ky!B11*2/10)+0.5*Chu_ky!E11*(Chu_ky!B11*2/10)^2) -> 0.00098461538 | C73: =Chu_ky!C11*(Chu_ky!D11*Tinh_toan_x2!E14*Tinh_toan_x2!E17+F73) -> 24292.602 | D73: =E73*B73*2*Tinh_toan_x2!E13/Tinh_toan_x2!E12 -> 24.673511 | E73: =C73*Tinh_toan_x2!E12/(2*Tinh_toan_x2!E15*Tinh_toan_x2!E13)+(Tinh_toan_x2!C47+Tinh_toan_x2!E52+Tinh_toan_x2!E53/Tinh_toan_x2!E13^2)*2*Tinh_toan_x2!E13/Tinh_toan_x2!E12*F73 -> 31.323793 | F73: =Chu_ky!D11*(Chu_ky!F11+Chu_ky!E11*(Chu_ky!B11*2/10)) -> -0.0098461538 | G73: =Chu_ky!D11*Chu_ky!E11 -> 0.049230769 | H73: =Chu_ky!A11 -> Có tải giảm j+
A74: =Chu_ky!H11+(Chu_ky!B11*3/10) -> 91.825 | B74: =Chu_ky!D11*(Chu_ky!G11+Chu_ky!F11*(Chu_ky!B11*3/10)+0.5*Chu_ky!E11*(Chu_ky!B11*3/10)^2) -> 0.00075384615 | C74: =Chu_ky!C11*(Chu_ky!D11*Tinh_toan_x2!E14*Tinh_toan_x2!E17+F74) -> 24307.918 | D74: =E74*B74*2*Tinh_toan_x2!E13/Tinh_toan_x2!E12 -> 18.925841 | E74: =C74*Tinh_toan_x2!E12/(2*Tinh_toan_x2!E15*Tinh_toan_x2!E13)+(Tinh_toan_x2!C47+Tinh_toan_x2!E52+Tinh_toan_x2!E53/Tinh_toan_x2!E13^2)*2*Tinh_toan_x2!E13/Tinh_toan_x2!E12*F74 -> 31.382135 | F74: =Chu_ky!D11*(Chu_ky!F11+Chu_ky!E11*(Chu_ky!B11*3/10)) -> -0.0086153846 | G74: =Chu_ky!D11*Chu_ky!E11 -> 0.049230769 | H74: =Chu_ky!A11 -> Có tải giảm j+
A75: =Chu_ky!H11+(Chu_ky!B11*4/10) -> 91.85 | B75: =Chu_ky!D11*(Chu_ky!G11+Chu_ky!F11*(Chu_ky!B11*4/10)+0.5*Chu_ky!E11*(Chu_ky!B11*4/10)^2) -> 0.00055384615 | C75: =Chu_ky!C11*(Chu_ky!D11*Tinh_toan_x2!E14*Tinh_toan_x2!E17+F75) -> 24323.234 | D75: =E75*B75*2*Tinh_toan_x2!E13/Tinh_toan_x2!E12 -> 13.93055 | E75: =C75*Tinh_toan_x2!E12/(2*Tinh_toan_x2!E15*Tinh_toan_x2!E13)+(Tinh_toan_x2!C47+Tinh_toan_x2!E52+Tinh_toan_x2!E53/Tinh_toan_x2!E13^2)*2*Tinh_toan_x2!E13/Tinh_toan_x2!E12*F75 -> 31.440477 | F75: =Chu_ky!D11*(Chu_ky!F11+Chu_ky!E11*(Chu_ky!B11*4/10)) -> -0.0073846154 | G75: =Chu_ky!D11*Chu_ky!E11 -> 0.049230769 | H75: =Chu_ky!A11 -> Có tải giảm j+
A76: =Chu_ky!H11+(Chu_ky!B11*5/10) -> 91.875 | B76: =Chu_ky!D11*(Chu_ky!G11+Chu_ky!F11*(Chu_ky!B11*5/10)+0.5*Chu_ky!E11*(Chu_ky!B11*5/10)^2) -> 0.00038461538 | C76: =Chu_ky!C11*(Chu_ky!D11*Tinh_toan_x2!E14*Tinh_toan_x2!E17+F76) -> 24338.55 | D76: =E76*B76*2*Tinh_toan_x2!E13/Tinh_toan_x2!E12 -> 9.6919445 | E76: =C76*Tinh_toan_x2!E12/(2*Tinh_toan_x2!E15*Tinh_toan_x2!E13)+(Tinh_toan_x2!C47+Tinh_toan_x2!E52+Tinh_toan_x2!E53/Tinh_toan_x2!E13^2)*2*Tinh_toan_x2!E13/Tinh_toan_x2!E12*F76 -> 31.49882 | F76: =Chu_ky!D11*(Chu_ky!F11+Chu_ky!E11*(Chu_ky!B11*5/10)) -> -0.0061538462 | G76: =Chu_ky!D11*Chu_ky!E11 -> 0.049230769 | H76: =Chu_ky!A11 -> Có tải giảm j+
A77: =Chu_ky!H11+(Chu_ky!B11*6/10) -> 91.9 | B77: =Chu_ky!D11*(Chu_ky!G11+Chu_ky!F11*(Chu_ky!B11*6/10)+0.5*Chu_ky!E11*(Chu_ky!B11*6/10)^2) -> 0.00024615385 | C77: =Chu_ky!C11*(Chu_ky!D11*Tinh_toan_x2!E14*Tinh_toan_x2!E17+F77) -> 24353.865 | D77: =E77*B77*2*Tinh_toan_x2!E13/Tinh_toan_x2!E12 -> 6.2143334 | E77: =C77*Tinh_toan_x2!E12/(2*Tinh_toan_x2!E15*Tinh_toan_x2!E13)+(Tinh_toan_x2!C47+Tinh_toan_x2!E52+Tinh_toan_x2!E53/Tinh_toan_x2!E13^2)*2*Tinh_toan_x2!E13/Tinh_toan_x2!E12*F77 -> 31.557162 | F77: =Chu_ky!D11*(Chu_ky!F11+Chu_ky!E11*(Chu_ky!B11*6/10)) -> -0.0049230769 | G77: =Chu_ky!D11*Chu_ky!E11 -> 0.049230769 | H77: =Chu_ky!A11 -> Có tải giảm j+
A78: =Chu_ky!H11+(Chu_ky!B11*7/10) -> 91.925 | B78: =Chu_ky!D11*(Chu_ky!G11+Chu_ky!F11*(Chu_ky!B11*7/10)+0.5*Chu_ky!E11*(Chu_ky!B11*7/10)^2) -> 0.00013846154 | C78: =Chu_ky!C11*(Chu_ky!D11*Tinh_toan_x2!E14*Tinh_toan_x2!E17+F78) -> 24369.181 | D78: =E78*B78*2*Tinh_toan_x2!E13/Tinh_toan_x2!E12 -> 3.5020251 | E78: =C78*Tinh_toan_x2!E12/(2*Tinh_toan_x2!E15*Tinh_toan_x2!E13)+(Tinh_toan_x2!C47+Tinh_toan_x2!E52+Tinh_toan_x2!E53/Tinh_toan_x2!E13^2)*2*Tinh_toan_x2!E13/Tinh_toan_x2!E12*F78 -> 31.615504 | F78: =Chu_ky!D11*(Chu_ky!F11+Chu_ky!E11*(Chu_ky!B11*7/10)) -> -0.0036923077 | G78: =Chu_ky!D11*Chu_ky!E11 -> 0.049230769 | H78: =Chu_ky!A11 -> Có tải giảm j+
A79: =Chu_ky!H11+(Chu_ky!B11*8/10) -> 91.95 | B79: =Chu_ky!D11*(Chu_ky!G11+Chu_ky!F11*(Chu_ky!B11*8/10)+0.5*Chu_ky!E11*(Chu_ky!B11*8/10)^2) -> 6.1538462e-05 | C79: =Chu_ky!C11*(Chu_ky!D11*Tinh_toan_x2!E14*Tinh_toan_x2!E17+F79) -> 24384.497 | D79: =E79*B79*2*Tinh_toan_x2!E13/Tinh_toan_x2!E12 -> 1.5593278 | E79: =C79*Tinh_toan_x2!E12/(2*Tinh_toan_x2!E15*Tinh_toan_x2!E13)+(Tinh_toan_x2!C47+Tinh_toan_x2!E52+Tinh_toan_x2!E53/Tinh_toan_x2!E13^2)*2*Tinh_toan_x2!E13/Tinh_toan_x2!E12*F79 -> 31.673847 | F79: =Chu_ky!D11*(Chu_ky!F11+Chu_ky!E11*(Chu_ky!B11*8/10)) -> -0.0024615385 | G79: =Chu_ky!D11*Chu_ky!E11 -> 0.049230769 | H79: =Chu_ky!A11 -> Có tải giảm j+
A80: =Chu_ky!H11+(Chu_ky!B11*9/10) -> 91.975 | B80: =Chu_ky!D11*(Chu_ky!G11+Chu_ky!F11*(Chu_ky!B11*9/10)+0.5*Chu_ky!E11*(Chu_ky!B11*9/10)^2) -> 1.5384615e-05 | C80: =Chu_ky!C11*(Chu_ky!D11*Tinh_toan_x2!E14*Tinh_toan_x2!E17+F80) -> 24399.812 | D80: =E80*B80*2*Tinh_toan_x2!E13/Tinh_toan_x2!E12 -> 0.39055002 | E80: =C80*Tinh_toan_x2!E12/(2*Tinh_toan_x2!E15*Tinh_toan_x2!E13)+(Tinh_toan_x2!C47+Tinh_toan_x2!E52+Tinh_toan_x2!E53/Tinh_toan_x2!E13^2)*2*Tinh_toan_x2!E13/Tinh_toan_x2!E12*F80 -> 31.732189 | F80: =Chu_ky!D11*(Chu_ky!F11+Chu_ky!E11*(Chu_ky!B11*9/10)) -> -0.0012307692 | G80: =Chu_ky!D11*Chu_ky!E11 -> 0.049230769 | H80: =Chu_ky!A11 -> Có tải giảm j+
A81: =Chu_ky!H11+(Chu_ky!B11*10/10) -> 92 | B81: =Chu_ky!D11*(Chu_ky!G11+Chu_ky!F11*(Chu_ky!B11*10/10)+0.5*Chu_ky!E11*(Chu_ky!B11*10/10)^2) -> -8.4567769e-18 | C81: =Chu_ky!C11*(Chu_ky!D11*Tinh_toan_x2!E14*Tinh_toan_x2!E17+F81) -> 24415.128 | D81: =E81*B81*2*Tinh_toan_x2!E13/Tinh_toan_x2!E12 -> -2.1507635e-13 | E81: =C81*Tinh_toan_x2!E12/(2*Tinh_toan_x2!E15*Tinh_toan_x2!E13)+(Tinh_toan_x2!C47+Tinh_toan_x2!E52+Tinh_toan_x2!E53/Tinh_toan_x2!E13^2)*2*Tinh_toan_x2!E13/Tinh_toan_x2!E12*F81 -> 31.790531 | F81: =Chu_ky!D11*(Chu_ky!F11+Chu_ky!E11*(Chu_ky!B11*10/10)) -> 0 | G81: =Chu_ky!D11*Chu_ky!E11 -> 0.049230769 | H81: =Chu_ky!A11 -> Có tải giảm j+
A82: =Chu_ky!H12+(Chu_ky!B12*0/10) -> 92 | B82: =Chu_ky!D12*(Chu_ky!G12+Chu_ky!F12*(Chu_ky!B12*0/10)+0.5*Chu_ky!E12*(Chu_ky!B12*0/10)^2) -> 0 | C82: =Chu_ky!C12*(Chu_ky!D12*Tinh_toan_x2!E14*Tinh_toan_x2!E17+F82) -> 0 | D82: =E82*B82*2*Tinh_toan_x2!E13/Tinh_toan_x2!E12 -> 0 | E82: =C82*Tinh_toan_x2!E12/(2*Tinh_toan_x2!E15*Tinh_toan_x2!E13)+(Tinh_toan_x2!C47+Tinh_toan_x2!E52+Tinh_toan_x2!E53/Tinh_toan_x2!E13^2)*2*Tinh_toan_x2!E13/Tinh_toan_x2!E12*F82 -> 0 | F82: =Chu_ky!D12*(Chu_ky!F12+Chu_ky!E12*(Chu_ky!B12*0/10)) -> 0 | G82: =Chu_ky!D12*Chu_ky!E12 -> 0 | H82: =Chu_ky!A12 -> Nghỉ
A83: =Chu_ky!H12+(Chu_ky!B12*1/10) -> 95 | B83: =Chu_ky!D12*(Chu_ky!G12+Chu_ky!F12*(Chu_ky!B12*1/10)+0.5*Chu_ky!E12*(Chu_ky!B12*1/10)^2) -> 0 | C83: =Chu_ky!C12*(Chu_ky!D12*Tinh_toan_x2!E14*Tinh_toan_x2!E17+F83) -> 0 | D83: =E83*B83*2*Tinh_toan_x2!E13/Tinh_toan_x2!E12 -> 0 | E83: =C83*Tinh_toan_x2!E12/(2*Tinh_toan_x2!E15*Tinh_toan_x2!E13)+(Tinh_toan_x2!C47+Tinh_toan_x2!E52+Tinh_toan_x2!E53/Tinh_toan_x2!E13^2)*2*Tinh_toan_x2!E13/Tinh_toan_x2!E12*F83 -> 0 | F83: =Chu_ky!D12*(Chu_ky!F12+Chu_ky!E12*(Chu_ky!B12*1/10)) -> 0 | G83: =Chu_ky!D12*Chu_ky!E12 -> 0 | H83: =Chu_ky!A12 -> Nghỉ
A84: =Chu_ky!H12+(Chu_ky!B12*2/10) -> 98 | B84: =Chu_ky!D12*(Chu_ky!G12+Chu_ky!F12*(Chu_ky!B12*2/10)+0.5*Chu_ky!E12*(Chu_ky!B12*2/10)^2) -> 0 | C84: =Chu_ky!C12*(Chu_ky!D12*Tinh_toan_x2!E14*Tinh_toan_x2!E17+F84) -> 0 | D84: =E84*B84*2*Tinh_toan_x2!E13/Tinh_toan_x2!E12 -> 0 | E84: =C84*Tinh_toan_x2!E12/(2*Tinh_toan_x2!E15*Tinh_toan_x2!E13)+(Tinh_toan_x2!C47+Tinh_toan_x2!E52+Tinh_toan_x2!E53/Tinh_toan_x2!E13^2)*2*Tinh_toan_x2!E13/Tinh_toan_x2!E12*F84 -> 0 | F84: =Chu_ky!D12*(Chu_ky!F12+Chu_ky!E12*(Chu_ky!B12*2/10)) -> 0 | G84: =Chu_ky!D12*Chu_ky!E12 -> 0 | H84: =Chu_ky!A12 -> Nghỉ
A85: =Chu_ky!H12+(Chu_ky!B12*3/10) -> 101 | B85: =Chu_ky!D12*(Chu_ky!G12+Chu_ky!F12*(Chu_ky!B12*3/10)+0.5*Chu_ky!E12*(Chu_ky!B12*3/10)^2) -> 0 | C85: =Chu_ky!C12*(Chu_ky!D12*Tinh_toan_x2!E14*Tinh_toan_x2!E17+F85) -> 0 | D85: =E85*B85*2*Tinh_toan_x2!E13/Tinh_toan_x2!E12 -> 0 | E85: =C85*Tinh_toan_x2!E12/(2*Tinh_toan_x2!E15*Tinh_toan_x2!E13)+(Tinh_toan_x2!C47+Tinh_toan_x2!E52+Tinh_toan_x2!E53/Tinh_toan_x2!E13^2)*2*Tinh_toan_x2!E13/Tinh_toan_x2!E12*F85 -> 0 | F85: =Chu_ky!D12*(Chu_ky!F12+Chu_ky!E12*(Chu_ky!B12*3/10)) -> 0 | G85: =Chu_ky!D12*Chu_ky!E12 -> 0 | H85: =Chu_ky!A12 -> Nghỉ
A86: =Chu_ky!H12+(Chu_ky!B12*4/10) -> 104 | B86: =Chu_ky!D12*(Chu_ky!G12+Chu_ky!F12*(Chu_ky!B12*4/10)+0.5*Chu_ky!E12*(Chu_ky!B12*4/10)^2) -> 0 | C86: =Chu_ky!C12*(Chu_ky!D12*Tinh_toan_x2!E14*Tinh_toan_x2!E17+F86) -> 0 | D86: =E86*B86*2*Tinh_toan_x2!E13/Tinh_toan_x2!E12 -> 0 | E86: =C86*Tinh_toan_x2!E12/(2*Tinh_toan_x2!E15*Tinh_toan_x2!E13)+(Tinh_toan_x2!C47+Tinh_toan_x2!E52+Tinh_toan_x2!E53/Tinh_toan_x2!E13^2)*2*Tinh_toan_x2!E13/Tinh_toan_x2!E12*F86 -> 0 | F86: =Chu_ky!D12*(Chu_ky!F12+Chu_ky!E12*(Chu_ky!B12*4/10)) -> 0 | G86: =Chu_ky!D12*Chu_ky!E12 -> 0 | H86: =Chu_ky!A12 -> Nghỉ
A87: =Chu_ky!H12+(Chu_ky!B12*5/10) -> 107 | B87: =Chu_ky!D12*(Chu_ky!G12+Chu_ky!F12*(Chu_ky!B12*5/10)+0.5*Chu_ky!E12*(Chu_ky!B12*5/10)^2) -> 0 | C87: =Chu_ky!C12*(Chu_ky!D12*Tinh_toan_x2!E14*Tinh_toan_x2!E17+F87) -> 0 | D87: =E87*B87*2*Tinh_toan_x2!E13/Tinh_toan_x2!E12 -> 0 | E87: =C87*Tinh_toan_x2!E12/(2*Tinh_toan_x2!E15*Tinh_toan_x2!E13)+(Tinh_toan_x2!C47+Tinh_toan_x2!E52+Tinh_toan_x2!E53/Tinh_toan_x2!E13^2)*2*Tinh_toan_x2!E13/Tinh_toan_x2!E12*F87 -> 0 | F87: =Chu_ky!D12*(Chu_ky!F12+Chu_ky!E12*(Chu_ky!B12*5/10)) -> 0 | G87: =Chu_ky!D12*Chu_ky!E12 -> 0 | H87: =Chu_ky!A12 -> Nghỉ
A88: =Chu_ky!H12+(Chu_ky!B12*6/10) -> 110 | B88: =Chu_ky!D12*(Chu_ky!G12+Chu_ky!F12*(Chu_ky!B12*6/10)+0.5*Chu_ky!E12*(Chu_ky!B12*6/10)^2) -> 0 | C88: =Chu_ky!C12*(Chu_ky!D12*Tinh_toan_x2!E14*Tinh_toan_x2!E17+F88) -> 0 | D88: =E88*B88*2*Tinh_toan_x2!E13/Tinh_toan_x2!E12 -> 0 | E88: =C88*Tinh_toan_x2!E12/(2*Tinh_toan_x2!E15*Tinh_toan_x2!E13)+(Tinh_toan_x2!C47+Tinh_toan_x2!E52+Tinh_toan_x2!E53/Tinh_toan_x2!E13^2)*2*Tinh_toan_x2!E13/Tinh_toan_x2!E12*F88 -> 0 | F88: =Chu_ky!D12*(Chu_ky!F12+Chu_ky!E12*(Chu_ky!B12*6/10)) -> 0 | G88: =Chu_ky!D12*Chu_ky!E12 -> 0 | H88: =Chu_ky!A12 -> Nghỉ
A89: =Chu_ky!H12+(Chu_ky!B12*7/10) -> 113 | B89: =Chu_ky!D12*(Chu_ky!G12+Chu_ky!F12*(Chu_ky!B12*7/10)+0.5*Chu_ky!E12*(Chu_ky!B12*7/10)^2) -> 0 | C89: =Chu_ky!C12*(Chu_ky!D12*Tinh_toan_x2!E14*Tinh_toan_x2!E17+F89) -> 0 | D89: =E89*B89*2*Tinh_toan_x2!E13/Tinh_toan_x2!E12 -> 0 | E89: =C89*Tinh_toan_x2!E12/(2*Tinh_toan_x2!E15*Tinh_toan_x2!E13)+(Tinh_toan_x2!C47+Tinh_toan_x2!E52+Tinh_toan_x2!E53/Tinh_toan_x2!E13^2)*2*Tinh_toan_x2!E13/Tinh_toan_x2!E12*F89 -> 0 | F89: =Chu_ky!D12*(Chu_ky!F12+Chu_ky!E12*(Chu_ky!B12*7/10)) -> 0 | G89: =Chu_ky!D12*Chu_ky!E12 -> 0 | H89: =Chu_ky!A12 -> Nghỉ
A90: =Chu_ky!H12+(Chu_ky!B12*8/10) -> 116 | B90: =Chu_ky!D12*(Chu_ky!G12+Chu_ky!F12*(Chu_ky!B12*8/10)+0.5*Chu_ky!E12*(Chu_ky!B12*8/10)^2) -> 0 | C90: =Chu_ky!C12*(Chu_ky!D12*Tinh_toan_x2!E14*Tinh_toan_x2!E17+F90) -> 0 | D90: =E90*B90*2*Tinh_toan_x2!E13/Tinh_toan_x2!E12 -> 0 | E90: =C90*Tinh_toan_x2!E12/(2*Tinh_toan_x2!E15*Tinh_toan_x2!E13)+(Tinh_toan_x2!C47+Tinh_toan_x2!E52+Tinh_toan_x2!E53/Tinh_toan_x2!E13^2)*2*Tinh_toan_x2!E13/Tinh_toan_x2!E12*F90 -> 0 | F90: =Chu_ky!D12*(Chu_ky!F12+Chu_ky!E12*(Chu_ky!B12*8/10)) -> 0 | G90: =Chu_ky!D12*Chu_ky!E12 -> 0 | H90: =Chu_ky!A12 -> Nghỉ
A91: =Chu_ky!H12+(Chu_ky!B12*9/10) -> 119 | B91: =Chu_ky!D12*(Chu_ky!G12+Chu_ky!F12*(Chu_ky!B12*9/10)+0.5*Chu_ky!E12*(Chu_ky!B12*9/10)^2) -> 0 | C91: =Chu_ky!C12*(Chu_ky!D12*Tinh_toan_x2!E14*Tinh_toan_x2!E17+F91) -> 0 | D91: =E91*B91*2*Tinh_toan_x2!E13/Tinh_toan_x2!E12 -> 0 | E91: =C91*Tinh_toan_x2!E12/(2*Tinh_toan_x2!E15*Tinh_toan_x2!E13)+(Tinh_toan_x2!C47+Tinh_toan_x2!E52+Tinh_toan_x2!E53/Tinh_toan_x2!E13^2)*2*Tinh_toan_x2!E13/Tinh_toan_x2!E12*F91 -> 0 | F91: =Chu_ky!D12*(Chu_ky!F12+Chu_ky!E12*(Chu_ky!B12*9/10)) -> 0 | G91: =Chu_ky!D12*Chu_ky!E12 -> 0 | H91: =Chu_ky!A12 -> Nghỉ
A92: =Chu_ky!H12+(Chu_ky!B12*10/10) -> 122 | B92: =Chu_ky!D12*(Chu_ky!G12+Chu_ky!F12*(Chu_ky!B12*10/10)+0.5*Chu_ky!E12*(Chu_ky!B12*10/10)^2) -> 0 | C92: =Chu_ky!C12*(Chu_ky!D12*Tinh_toan_x2!E14*Tinh_toan_x2!E17+F92) -> 0 | D92: =E92*B92*2*Tinh_toan_x2!E13/Tinh_toan_x2!E12 -> 0 | E92: =C92*Tinh_toan_x2!E12/(2*Tinh_toan_x2!E15*Tinh_toan_x2!E13)+(Tinh_toan_x2!C47+Tinh_toan_x2!E52+Tinh_toan_x2!E53/Tinh_toan_x2!E13^2)*2*Tinh_toan_x2!E13/Tinh_toan_x2!E12*F92 -> 0 | F92: =Chu_ky!D12*(Chu_ky!F12+Chu_ky!E12*(Chu_ky!B12*10/10)) -> 0 | G92: =Chu_ky!D12*Chu_ky!E12 -> 0 | H92: =Chu_ky!A12 -> Nghỉ
A93: =Chu_ky!H13+(Chu_ky!B13*0/10) -> 122 | B93: =Chu_ky!D13*(Chu_ky!G13+Chu_ky!F13*(Chu_ky!B13*0/10)+0.5*Chu_ky!E13*(Chu_ky!B13*0/10)^2) -> 0 | C93: =Chu_ky!C13*(Chu_ky!D13*Tinh_toan_x2!E14*Tinh_toan_x2!E17+F93) -> -435.564 | D93: =E93*B93*2*Tinh_toan_x2!E13/Tinh_toan_x2!E12 -> 0 | E93: =C93*Tinh_toan_x2!E12/(2*Tinh_toan_x2!E15*Tinh_toan_x2!E13)+(Tinh_toan_x2!C47+Tinh_toan_x2!E52+Tinh_toan_x2!E53/Tinh_toan_x2!E13^2)*2*Tinh_toan_x2!E13/Tinh_toan_x2!E12*F93 -> -0.56714063 | F93: =Chu_ky!D13*(Chu_ky!F13+Chu_ky!E13*(Chu_ky!B13*0/10)) -> 0 | G93: =Chu_ky!D13*Chu_ky!E13 -> -0.27428571 | H93: =Chu_ky!A13 -> Không tải tăng j+
A94: =Chu_ky!H13+(Chu_ky!B13*1/10) -> 122.025 | B94: =Chu_ky!D13*(Chu_ky!G13+Chu_ky!F13*(Chu_ky!B13*1/10)+0.5*Chu_ky!E13*(Chu_ky!B13*1/10)^2) -> -8.5714286e-05 | C94: =Chu_ky!C13*(Chu_ky!D13*Tinh_toan_x2!E14*Tinh_toan_x2!E17+F94) -> -437.08629 | D94: =E94*B94*2*Tinh_toan_x2!E13/Tinh_toan_x2!E12 -> 0.053695929 | E94: =C94*Tinh_toan_x2!E12/(2*Tinh_toan_x2!E15*Tinh_toan_x2!E13)+(Tinh_toan_x2!C47+Tinh_toan_x2!E52+Tinh_toan_x2!E53/Tinh_toan_x2!E13^2)*2*Tinh_toan_x2!E13/Tinh_toan_x2!E12*F94 -> -0.78306563 | F94: =Chu_ky!D13*(Chu_ky!F13+Chu_ky!E13*(Chu_ky!B13*1/10)) -> -0.0068571429 | G94: =Chu_ky!D13*Chu_ky!E13 -> -0.27428571 | H94: =Chu_ky!A13 -> Không tải tăng j+
A95: =Chu_ky!H13+(Chu_ky!B13*2/10) -> 122.05 | B95: =Chu_ky!D13*(Chu_ky!G13+Chu_ky!F13*(Chu_ky!B13*2/10)+0.5*Chu_ky!E13*(Chu_ky!B13*2/10)^2) -> -0.00034285714 | C95: =Chu_ky!C13*(Chu_ky!D13*Tinh_toan_x2!E14*Tinh_toan_x2!E17+F95) -> -438.60857 | D95: =E95*B95*2*Tinh_toan_x2!E13/Tinh_toan_x2!E12 -> 0.27400886 | E95: =C95*Tinh_toan_x2!E12/(2*Tinh_toan_x2!E15*Tinh_toan_x2!E13)+(Tinh_toan_x2!C47+Tinh_toan_x2!E52+Tinh_toan_x2!E53/Tinh_toan_x2!E13^2)*2*Tinh_toan_x2!E13/Tinh_toan_x2!E12*F95 -> -0.99899063 | F95: =Chu_ky!D13*(Chu_ky!F13+Chu_ky!E13*(Chu_ky!B13*2/10)) -> -0.013714286 | G95: =Chu_ky!D13*Chu_ky!E13 -> -0.27428571 | H95: =Chu_ky!A13 -> Không tải tăng j+
A96: =Chu_ky!H13+(Chu_ky!B13*3/10) -> 122.075 | B96: =Chu_ky!D13*(Chu_ky!G13+Chu_ky!F13*(Chu_ky!B13*3/10)+0.5*Chu_ky!E13*(Chu_ky!B13*3/10)^2) -> -0.00077142857 | C96: =Chu_ky!C13*(Chu_ky!D13*Tinh_toan_x2!E14*Tinh_toan_x2!E17+F96) -> -440.13086 | D96: =E96*B96*2*Tinh_toan_x2!E13/Tinh_toan_x2!E12 -> 0.7497765 | E96: =C96*Tinh_toan_x2!E12/(2*Tinh_toan_x2!E15*Tinh_toan_x2!E13)+(Tinh_toan_x2!C47+Tinh_toan_x2!E52+Tinh_toan_x2!E53/Tinh_toan_x2!E13^2)*2*Tinh_toan_x2!E13/Tinh_toan_x2!E12*F96 -> -1.2149156 | F96: =Chu_ky!D13*(Chu_ky!F13+Chu_ky!E13*(Chu_ky!B13*3/10)) -> -0.020571429 | G96: =Chu_ky!D13*Chu_ky!E13 -> -0.27428571 | H96: =Chu_ky!A13 -> Không tải tăng j+
A97: =Chu_ky!H13+(Chu_ky!B13*4/10) -> 122.1 | B97: =Chu_ky!D13*(Chu_ky!G13+Chu_ky!F13*(Chu_ky!B13*4/10)+0.5*Chu_ky!E13*(Chu_ky!B13*4/10)^2) -> -0.0013714286 | C97: =Chu_ky!C13*(Chu_ky!D13*Tinh_toan_x2!E14*Tinh_toan_x2!E17+F97) -> -441.65314 | D97: =E97*B97*2*Tinh_toan_x2!E13/Tinh_toan_x2!E12 -> 1.5698366 | E97: =C97*Tinh_toan_x2!E12/(2*Tinh_toan_x2!E15*Tinh_toan_x2!E13)+(Tinh_toan_x2!C47+Tinh_toan_x2!E52+Tinh_toan_x2!E53/Tinh_toan_x2!E13^2)*2*Tinh_toan_x2!E13/Tinh_toan_x2!E12*F97 -> -1.4308406 | F97: =Chu_ky!D13*(Chu_ky!F13+Chu_ky!E13*(Chu_ky!B13*4/10)) -> -0.027428571 | G97: =Chu_ky!D13*Chu_ky!E13 -> -0.27428571 | H97: =Chu_ky!A13 -> Không tải tăng j+
A98: =Chu_ky!H13+(Chu_ky!B13*5/10) -> 122.125 | B98: =Chu_ky!D13*(Chu_ky!G13+Chu_ky!F13*(Chu_ky!B13*5/10)+0.5*Chu_ky!E13*(Chu_ky!B13*5/10)^2) -> -0.0021428571 | C98: =Chu_ky!C13*(Chu_ky!D13*Tinh_toan_x2!E14*Tinh_toan_x2!E17+F98) -> -443.17543 | D98: =E98*B98*2*Tinh_toan_x2!E13/Tinh_toan_x2!E12 -> 2.8230268 | E98: =C98*Tinh_toan_x2!E12/(2*Tinh_toan_x2!E15*Tinh_toan_x2!E13)+(Tinh_toan_x2!C47+Tinh_toan_x2!E52+Tinh_toan_x2!E53/Tinh_toan_x2!E13^2)*2*Tinh_toan_x2!E13/Tinh_toan_x2!E12*F98 -> -1.6467656 | F98: =Chu_ky!D13*(Chu_ky!F13+Chu_ky!E13*(Chu_ky!B13*5/10)) -> -0.034285714 | G98: =Chu_ky!D13*Chu_ky!E13 -> -0.27428571 | H98: =Chu_ky!A13 -> Không tải tăng j+
A99: =Chu_ky!H13+(Chu_ky!B13*6/10) -> 122.15 | B99: =Chu_ky!D13*(Chu_ky!G13+Chu_ky!F13*(Chu_ky!B13*6/10)+0.5*Chu_ky!E13*(Chu_ky!B13*6/10)^2) -> -0.0030857143 | C99: =Chu_ky!C13*(Chu_ky!D13*Tinh_toan_x2!E14*Tinh_toan_x2!E17+F99) -> -444.69771 | D99: =E99*B99*2*Tinh_toan_x2!E13/Tinh_toan_x2!E12 -> 4.5981849 | E99: =C99*Tinh_toan_x2!E12/(2*Tinh_toan_x2!E15*Tinh_toan_x2!E13)+(Tinh_toan_x2!C47+Tinh_toan_x2!E52+Tinh_toan_x2!E53/Tinh_toan_x2!E13^2)*2*Tinh_toan_x2!E13/Tinh_toan_x2!E12*F99 -> -1.8626906 | F99: =Chu_ky!D13*(Chu_ky!F13+Chu_ky!E13*(Chu_ky!B13*6/10)) -> -0.041142857 | G99: =Chu_ky!D13*Chu_ky!E13 -> -0.27428571 | H99: =Chu_ky!A13 -> Không tải tăng j+
A100: =Chu_ky!H13+(Chu_ky!B13*7/10) -> 122.175 | B100: =Chu_ky!D13*(Chu_ky!G13+Chu_ky!F13*(Chu_ky!B13*7/10)+0.5*Chu_ky!E13*(Chu_ky!B13*7/10)^2) -> -0.0042 | C100: =Chu_ky!C13*(Chu_ky!D13*Tinh_toan_x2!E14*Tinh_toan_x2!E17+F100) -> -446.22 | D100: =E100*B100*2*Tinh_toan_x2!E13/Tinh_toan_x2!E12 -> 6.9841485 | E100: =C100*Tinh_toan_x2!E12/(2*Tinh_toan_x2!E15*Tinh_toan_x2!E13)+(Tinh_toan_x2!C47+Tinh_toan_x2!E52+Tinh_toan_x2!E53/Tinh_toan_x2!E13^2)*2*Tinh_toan_x2!E13/Tinh_toan_x2!E12*F100 -> -2.0786156 | F100: =Chu_ky!D13*(Chu_ky!F13+Chu_ky!E13*(Chu_ky!B13*7/10)) -> -0.048 | G100: =Chu_ky!D13*Chu_ky!E13 -> -0.27428571 | H100: =Chu_ky!A13 -> Không tải tăng j+
A101: =Chu_ky!H13+(Chu_ky!B13*8/10) -> 122.2 | B101: =Chu_ky!D13*(Chu_ky!G13+Chu_ky!F13*(Chu_ky!B13*8/10)+0.5*Chu_ky!E13*(Chu_ky!B13*8/10)^2) -> -0.0054857143 | C101: =Chu_ky!C13*(Chu_ky!D13*Tinh_toan_x2!E14*Tinh_toan_x2!E17+F101) -> -447.74229 | D101: =E101*B101*2*Tinh_toan_x2!E13/Tinh_toan_x2!E12 -> 10.069755 | E101: =C101*Tinh_toan_x2!E12/(2*Tinh_toan_x2!E15*Tinh_toan_x2!E13)+(Tinh_toan_x2!C47+Tinh_toan_x2!E52+Tinh_toan_x2!E53/Tinh_toan_x2!E13^2)*2*Tinh_toan_x2!E13/Tinh_toan_x2!E12*F101 -> -2.2945406 | F101: =Chu_ky!D13*(Chu_ky!F13+Chu_ky!E13*(Chu_ky!B13*8/10)) -> -0.054857143 | G101: =Chu_ky!D13*Chu_ky!E13 -> -0.27428571 | H101: =Chu_ky!A13 -> Không tải tăng j+
A102: =Chu_ky!H13+(Chu_ky!B13*9/10) -> 122.225 | B102: =Chu_ky!D13*(Chu_ky!G13+Chu_ky!F13*(Chu_ky!B13*9/10)+0.5*Chu_ky!E13*(Chu_ky!B13*9/10)^2) -> -0.0069428571 | C102: =Chu_ky!C13*(Chu_ky!D13*Tinh_toan_x2!E14*Tinh_toan_x2!E17+F102) -> -449.26457 | D102: =E102*B102*2*Tinh_toan_x2!E13/Tinh_toan_x2!E12 -> 13.943843 | E102: =C102*Tinh_toan_x2!E12/(2*Tinh_toan_x2!E15*Tinh_toan_x2!E13)+(Tinh_toan_x2!C47+Tinh_toan_x2!E52+Tinh_toan_x2!E53/Tinh_toan_x2!E13^2)*2*Tinh_toan_x2!E13/Tinh_toan_x2!E12*F102 -> -2.5104656 | F102: =Chu_ky!D13*(Chu_ky!F13+Chu_ky!E13*(Chu_ky!B13*9/10)) -> -0.061714286 | G102: =Chu_ky!D13*Chu_ky!E13 -> -0.27428571 | H102: =Chu_ky!A13 -> Không tải tăng j+
...

Sheet Thiet_bi
A1: KIỂM NGHIỆM ĐỘNG CƠ VÀ THIẾT BỊ THEO x = 2
A4: Hạng mục | B4: Kết quả / yêu cầu | C4: Đơn vị | D4: Cơ sở và trạng thái
A5: Động cơ theo sheet x=1 | B5: M3AA 132ME 6 | D5: Số liệu kế thừa mẫu, chưa xác minh lại catalog
A6: Công suất định mức | B6: =Tinh_toan_x2!C33 -> 5.5 | C6: kW | D6: Motor tham khảo 5,5 kW
A7: Công suất thiết kế tải tịnh tiến | B7: =Tinh_toan_x2!E24/1000 -> 4.5955692 | C7: kW | D7: Hiệu suất cơ khí chỉ dùng một lần
A8: Công suất hiệu dụng S-curve | B8: =Chu_ky!B25/1000 -> 1.9246695 | C8: kW | D8: Tích phân toàn chu kỳ, đã gồm rotor
A9: Mô-men danh định | B9: =Tinh_toan_x2!C42 -> 53.9 | C9: N·m | D9: Giá trị catalog chép trong sheet x=1
A10: Mô-men khởi động trực tiếp | B10: =Tinh_toan_x2!C43 -> 107.8 | C10: N·m | D10: Không coi là mô-men sẵn có khi chạy VFD
A11: Mô-men quỹ đạo có dự trữ | B11: =Tinh_toan_x2!E56 -> 42.049238 | C11: N·m | D11: Kiểm tra vận hành T_tăng=2 s
A12: Bao mô-men a_lim có dự trữ | B12: =Tinh_toan_x2!E57 -> 66.590513 | C12: N·m | D12: Yêu cầu quá tải ngắn hạn nếu khai thác a=0,5
A13: Mô-men RMS | B13: =Chu_ky!B26 -> 20.973821 | C13: N·m | D13: Chỉ số nhiệt sơ bộ; cần đường cong nhiệt hãng
A14: Tỷ số quá tải bao trên | B14: =Tinh_toan_x2!E59 -> 1.2354455 | D14: Cần đối chiếu VFD và thời gian quá tải
A15: Dòng motor | B15: =Tinh_toan_x2!C40 -> 12 | C15: A | D15: Theo sheet x=1
A16: Công suất VFD tối thiểu | B16: =1.3*Tinh_toan_x2!C33 -> 7.15 | C16: kW | D16: Theo yêu cầu ảnh
A17: Cấp VFD sơ bộ | B17: 7.5 | C17: kW | D17: Chọn tiếp theo; chưa chốt mã và dòng HD
A18: Dòng bảo vệ tối thiểu theo đề | B18: =1.5*Tinh_toan_x2!C40 -> 18 | C18: A | D18: Quy tắc bài tập; còn phối hợp bảo vệ VFD
A19: Cấp MCCB sơ bộ | B19: 20 | C19: A | D19: Chỉ theo ngưỡng 18 A; chưa chốt Icu, đặc tuyến
A20: Động năng có tải | B20: =0.5*(Tinh_toan_x2!E6+Tinh_toan_x2!E7+Tinh_toan_x2!E51)*Tinh_toan_x2!E9^2+0.5*(Tinh_toan_x2!C47+Tinh_toan_x2!E52+Tinh_toan_x2!E53/Tinh_toan_x2!E13^2)*Tinh_toan_x2!M35^2 -> 269.3088 | C20: J | D20: Giới hạn năng lượng cơ khi bỏ qua ma sát
A21: Năng lượng hãm có dự trữ | B21: =B20*Tinh_toan_x2!E16 -> 323.17056 | C21: J | D21: Không đủ để chốt điện trở Ω và W
A22: Điện trở hãm | B22: Cần catalog VFD | C22: Ω | D22: R ≥ Rmin, kiểm tra Udc, P_xung và chu kỳ
A23: Kiểm tra motor cho quỹ đạo | B23: =IF(AND(Tinh_toan_x2!C33*1000>=Chu_ky!B30,Tinh_toan_x2!C42>=Tinh_toan_x2!E56),"Đạt sơ bộ","CẦN CHỌN LẠI") -> Đạt sơ bộ | D23: Chưa xác nhận phát nhiệt thực tế
